positive,negative
安定,败坏名声
安康,被没收的
帮助,变节
榜样,不便
饱满,不适当
保证,妨碍
筚路蓝缕,腐败
变得更好,焦头烂额
举手称赞,困惑
标杆,落后于
不可思议的,密谋策划
破格录用,批评
才思,欺骗
喜兆,欺诈地
彩头,收缩
灿烂的,死锁
昌盛,伪造者
超常发挥,无能为力的
超群的,刑事的
超越,异议
称赞,重新评估
称赞的,坏的
成功,受伤害的
成功的,损害
成功者,危害
成果,有害的
成就,阻止
诚恳,暗淡
充裕,暗地里破坏
充裕的,暗指
充足,暗中破坏
宠爱,肮脏的
宠爱的,拔苗助长
出众的,霸占
创新,败坏
创业,办错
创造,薄弱环节
创造力,保释金
创造性,报废
创造性的,报复
创造性地,报复的
慈善事业的,报警
从容不迫,报怨
从容地,抱怨
促进,抱怨的
达到目的,暴跌
打动人,暴跌的
打动人心的,暴行
大获成功,暴力
大量,暴露
大人物,暴露的
大师,卑鄙的
大受欢迎,卑劣地
到达,卑微的
得天独厚的,悲惨的
得益,悲剧
第一的,悲剧的
巅峰时刻,悲剧地
典范,悲伤的
斗志昂扬,悲痛
独创性,悲痛的
独家,背离
独家报道,背叛
独家经营,背叛的
独特魅力,背弃
独有的,背信弃义
多才多艺的,被剥夺
多功能性,被捕的
恩惠,被惩罚的
发明,被打败的
发明家,被打断的
发明者,被告
发展,被忽略的
发展潜力,被忽视
繁荣,被忽视的
方便地,被毁
非常卓越的,被击败
奋勇争先,被降级的
丰富,被解雇
丰富的,被禁止的
丰饶的,被拘留的
风度翩翩,被拒的
符合要求的,被拒付支票
富庶的,被抛弃的
改进,被迫的
改良,被迫放弃
改善,被迫交出
感到满意,被欺骗的
高手,被谴责的
高效,被损坏的
高新,被误解的
高兴,笨重的
高兴的,崩溃
高瞻远瞩,崩溃的
革新,崩盘
给人深刻印象,弊端
公平,编造的
公正,贬黜
功成名就,贬低
恭喜,变坏
巩固,变慢
鼓励,变弱
鼓励的,变态
鼓舞,变态的
鼓舞人心的,变态地
关键时刻,变萧条
光荣的,辩护
国泰民安,辩解
好处,表现不佳
好的,濒临灭绝的
合算的,病态的
合意,剥夺
合作,剥夺财产
和睦的,剥离
恒心,驳回
欢呼,捕风捉影
欢呼雀跃,不安
缓和,不安的
回升,不安的状态
活力四射,不安定
活跃,不安全
活跃的,不安全的
获得授权的,不安稳
获利,不按计划的
获胜,不被接受的
获胜的,不必要的
机遇,不必要地
积极的,不便的
激动的,不成比例的
激励,不成比例地
极大的,不成功
极好,不成功的
极好的,不成熟的
急速发展,不诚实
加强,不诚实的
坚定,不承诺
坚定的,不充分
坚决,不充分的
独家新闻,不充足的
坚强的,不达标
坚挺,不道德
建设性的,不道德的
建议,不法地
奖金,不法行为
奖励,不服从
奖励的,不符
奖牌,不符合要求的
奖品,不付欠款
奖赏,不高兴的
较好的,不公开的
杰出,不公平
杰出的,不公平待遇
杰出人物,不公平的
结盟,不公平地
解决,不公正
金点子,不公正的
锦囊妙计,不公正地
进步,不顾
晋升,不顾后果的
惊人的,不顾一切地
精巧,不光彩
精通,不好的预兆
精通的,不合法的
精于,不合法地
净化,不合格
决心,不合格的
慷慨的,不合格品
犒劳,不合规格的
靠谱,不合理
可爱的,不合理的
可敬的,不合时宜
可靠性,不合适
可喜的,不合适的
可信任,不及格
可预测,不健康
渴望的,不健全的
肯定的,不接受
肯定地,不经济
空前未有的,不经济地
快乐,不精确
快乐的,不景气
快速的,不景气的
宽恕的,不均衡
牢固,不可避免的
牢固的,不可避免地
乐观的,不可恢复的
乐趣,不可靠的
乐事,不可靠地
了不起的,不可调和
礼貌的,不可信的
礼让的,不牢固的
理想的,不牢靠的
力量,不利的
联合,不利地
联盟,不利条件
联姻,不利于经济发展的因素
廉正,不良分子
良好的,不良资产
领导能力,不令人满意的
领导者,不履行
领先,不履行义务
令人高兴的事,不满
令人鼓舞的,不满意的
令人满意,不满足的
令人满意的,不明智的
令人满意地,不能接受的
令人钦佩的,不能立即付现
令人信服地,不能胜任的
令人愉快的,不配套
流畅地,不披露
流行的,不匹配
流利地,不平
履行,不平衡
满腔热情地,不起作用
满意,不起作用的
满意的,不恰当
满足,不恰当的
美德,不切实际
美好,不切实际的
美丽,不如预期
盟国,不胜任
梦想,不胜任的
梦想成真,不适当的
密切地,不适当地
妙计,不适合
名列前茅,不适任
名气,不适任的
明确地,不适宜
乐观主义的,不适宜的
能干的,不适宜地
能手,不受欢迎
弄潮儿,不受欢迎的
漂亮,不熟练
平稳的,不熟练的
普及的,不顺利的
期望,不同意
奇特,不同意的
起作用的,不妥
恰当,不完备的
谦卑的,不稳定
谦逊的,不稳定的
前进,不喜欢
虔诚的,不现实的
强化,不相称
强项,不相称的
享有声望的,不相容
巧妙的,不相容的
亲切的,不相宜
亲切地,不协调
勤奋地,不幸
勤勉的,不幸的
勤勉地,不幸事件
情况好转,不许可
趣味性,不宜的
热忱,不友好的
热情,不愉快的
热情的,不愿意
热心,不悦
热心的,不赞成
热心地,不赞成的
仁慈的,不真实
荣获,不真实的
荣幸,不正当
荣誉,不正当的
容易的,不正当地
融洽的,不正当行为
如愿以偿,不正确
润色,不正确的
闪耀的,不正确地
善行,不忠诚的
擅长,不准
擅长的,不准确
令人满足,不准确地
令人满足的,不准许
上涨,不自信
升官,不足
升职,不足的
声望,不足之处
声誉,不尊重
胜过,猜想
胜过的,猜疑
胜利,裁减人数
胜利的,裁决
胜利者,裁员
盛产,蚕食
石破天惊,惨案
实力,惨败
实现,操之过急
实在,操纵
适当,操纵的
首位的,插曲
受大众欢迎,查抄
受到喜爱的,查封的
受欢迎的,差错
受益,差额
受尊敬的,差于预期
舒适的,拆除
熟练,拆台
熟练的,掺杂
顺利,搀假
顺利的,搀杂的
顺利地,产权负担
顺遂,忏悔
讨人喜欢的,偿付
套期保值,偿付能力
无双的,偿还
特许经营权,超出限度
特许权,超负荷的
提拔,超载
提高,嘲弄
提升,嘲笑
天才,撤换
通用的,撤回
同舟共济,撤消
头筹,撤销
突破,撤销的
突破性进展,沉闷的
团结,成见
完美,成为阻碍
完美的,成问题的
完美地,惩罚
完全地,惩罚性的
完整,迟
万能的,迟到的
威望,迟的
唯一地,迟钝
伟大,迟钝的
伟大的,耻辱
温和地,冲动
稳定,冲击
稳定的,冲突
稳定化,冲突的
稳定性,丑闻
稳固,出故障
问候的,出故障的
无比的,出价过高
无法鉴定,处罚
无与伦比的,处理不当
吸引力,处于不利地位的
吸引人,处置失当
希望,传唤
喜爱,传票
喜欢,传审
喜欢的,传讯
喜庆,串通
先发优势,闯入
先行一步的,创伤
先行者,辞职
先机,次品
先驱,刺痛
显著的,粗心
显著地,粗心大意
相称的,粗心大意的
想得到的,粗心的
向上,篡夺
效率高地,篡改
心灵手巧,篡权
欣然的,脆弱
欣赏,脆弱点
欣喜的,挫败
新方法,挫败的
新兴,挫折
信赖,错过
信任,错配
信心满满的,错失
信仰,错位的
兴奋,错误
兴高采烈,错误的
兴旺,错误地
幸福,打碎
幸福的,大祸
幸运,大恐慌
幸运儿,大灾难
勋章,呆账
一帆风顺,逮捕
毅力,逮捕的
引人注目的,逮住
印象深刻的,带来痛苦
赢得,怠工
赢者,担心
用功的,担忧
用途广泛,担忧的
优化,耽搁
优良的,倒闭
优胜者,倒塌
优势,倒塌的
优秀,倒转
优秀的,盗用
优雅,低谷
优异,低价处理
优于,低劣
友好的,低迷时期
友好地,低市值
有帮助的,低于标准的
有报酬的,敌对
有好报,敌对的
有技巧的,敌手
有价值的,敌意
有竞争力,诋毁
有利,抵触
有利的,抵赖
有利地,抵制
有利条件,底谷
有利于,跌
有魅力,定价过高
有名望的,定罪
有能力的,丢脸
有启发的,动荡
有前瞻性的,动荡的
有特色的,动荡的局面
有效的,动乱
有学问的,动乱的
有益,斗争
有益的,渎职
有益于,堵塞
有影响力,断绝
有影响力的,对抗
有助地,对立
有助益的,对立的
有助于,对质
愉快,多付的款项
愉快的,夺
愉快地,夺取
愉悦,夺权
与众不同的,堕落
圆满,堕落的
允许的,恶化
赞成的,恶化的
赞许的,恶习
赞扬,恶意
造诣,恶意的
增强,恶意地
增益,遏制的
赠送的,发愁
战略眼光,发牢骚
长处,发生故障
涨,罚金
真实的,罚款
震撼的,罚钱
正直,烦恼
支持的,繁重的
值得称赞的,反驳
值得的,反驳的
值得信赖,反常
中意的,反常的
忠诚的,反常地
重新获得,反常现象
祝贺,反对
专攻,反对的
专一的,反对派
赚到,反对意见
赚钱的,反对者
壮观的,反复无常的
卓越,反抗
卓越的,反垄断的
自信的,反叛者
最高的,反诉
最好的,犯错
做主,犯错误
座上客,犯规
左右手,犯罪
遵守,犯罪的
遵纪守法,犯罪活动
遵从,坊间传闻
尊重,防备
尊敬,防护
尊贵,防守
尊崇,防卫
尊称,防止
钻研,妨害
足金,仿冒品
足够,放弃
奏效,放弃权利
纵横,放纵
自尊,非法
自主,非法的
自信,非法地
自若,非法行为
自如,非法占有
自强不息,非理智
自强,非正规的
自立,非正义的
自觉,非自愿的
自豪,诽谤
自告奋勇,诽谤的
自爱,废除
资助,废弃
孜孜不倦,废弃的
孜孜,废止
擢升,分心
卓著,风险
卓识,风险系数高
卓然,封闭
卓立,封锁
卓绝,否定
卓见,否定的
卓尔不群,否决
灼见,否认
准确,腐败的
谆谆教导,腐烂
追求,腐蚀
状元,负担
壮志,负的
壮硕,负荷过重
壮士,负数
壮实,复杂
壮美,复杂的
壮丽,复杂化
壮举,尴尬的
壮健,赶出
壮观,干扰
壮大,干涉
庄重,高估的
庄严,高利贷
专注,高压的
专长,高压政治
专心致志,告发
专心,更差的
著名,更恶化
著称,更恶劣的
祝愿,更坏的
祝颂,更加危险
祝寿,更糟
祝酒,更正
祝捷,工作不如预期
祝福,公然地
祝词,功能失调
助益,功能障碍的
瞩望,攻击
瞩目,共谋
主旋律,共谋的
主心骨,供给过多
主人翁,供认
主力军,勾结
主将,估计过高
珠玑,估价过高
周正,估价过高的
周详,孤注一掷
周全,固执
周密,固执的
周到,固执地
重镇,故意的
重用,故意地
重托,故意毁坏
众志成城,故障
众望所归,关闭
众望,关门
衷心,关押
钟情,管理不善
钟爱,规避
忠于,诡计
忠义,过错
忠心耿耿,过度
忠心,过度的
忠实,过度供给
忠厚,过度劳累
忠告,过度生产
忠诚,过度运转
中意,过多的
中选,过分的
中流砥柱,过分地
中肯,过分强调
中坚,过分重视
智囊,过高的
智慧,过高的估计
智多星,过期
致力,过期的
致敬,过失
致贺,过时的
致富,过于老化
挚情,过载
挚诚,过早的
栉风沐雨,过早地
质朴,过重的负担
制胜,害病
志愿,害怕
志同道合,害群之马
指引,行不通的
直言不讳,行贿
直爽,行骗
直率,行为不良
直截了当,耗尽
直观,耗尽的
知足,后果
知音,忽略
知心,忽略的
知名,忽视
知己,哗众取宠
支援,怀疑
支持,怀疑的
郑重,坏掉的
正宗,坏了
正义,坏名声
正确,坏人
正气,坏事
正派,坏帐冲销
正理,坏帐损失
正经,坏账
正轨,缓办
正规,荒废
正道,谎报
正当,谎言
正大光明,谎言的
正大,回避
整齐,回光返照
整洁,回扣
整饬,毁坏
拯救,毁坏的
蒸蒸日上,毁灭
峥嵘,毁灭性的
争雄,贿赂
争先,混乱
争气,混乱的
争光,混淆
镇静,混淆的
镇定,机会主义的
振作,机能失调的
振兴,基础薄弱
振奋,畸变
振发,畸形
缜密,激荡
箴言,激怒
真挚,极度
真知,极度的
真言,极端地
真心真意,急促
真心实意,急剧地
真心诚意,急躁的
真心,疾病
真实,加剧
真确,加重
真情实意,加重的
真情,假造
真切,假装
真理,架空
真话,坚称
真谛,艰难
真诚,艰难险阻
珍品,监禁
珍藏,监禁的
珍宝,监视
照耀,检举
长足,减产
长者,减弱的
长远,减速
长于,减速的
长项,减损
长寿,建造过多
长空,建筑过多
长进,僵持的
战无不胜,僵局
战胜,降等
战绩,降格
战果,降级
战功,降级的
崭新,降职
展望,焦虑
展翅,较慢的
扎实,教唆
增值,揭发
增长,揭露
增色,揭示
增进,拮据
增光,解雇
择优,解雇的
造就,解散
造福,解散的
赞助,解约
赞誉,借口
赞语,紧急
赞许,紧急救助
赞同,紧迫的
赞叹不已,紧缩
赞叹,紧张
赞颂,紧张的
赞赏,进行勒索
赞佩,禁令
赞美,禁入
赞歌,禁赛
赞成,禁用的
赞不绝口,禁运
在握,禁止
在理,禁止的
再生,惊慌
再接再厉,惊慌失措
载歌载舞,警报
韵味,警告
允诺,警告的
允当,警戒
匀称,警示
跃然,警示信息
跃居,警示讯号
悦目,警惕
悦耳,窘迫
愿望,窘迫的
愿景,纠察
远虑,纠缠
远景,拘留
远见卓识,居心叵测
远见,局限性
远大,沮丧
圆润,沮丧的
元勋,拒付
渊博,拒绝
预祝,拒绝参加
语重心长,拒绝承认
余裕,拒绝的理由
有助,拒绝给予
有缘,拒绝往来户
有效,拒签
有望,拒收
有条不紊,开除
有所作为,开脱
有素,坎坷
有数,看轻
有始有终,抗辩
有识,抗辩的
有声有色,抗拒
有趣,抗议
有名,抗议者
有力,靠不住的
有理,苛刻的
有劲,苛求
有恒,可耻的
有的放矢,可疑
有成,可疑的
友谊,空洞
友善,空闲的
友人,空运转
友情,空载
友邻,空转
友军,恐慌
友好,恐慌的
友邦,恐怕
友爱,恐吓
由衷,控告
悠长,控诉
悠游,控制
悠久,控制不住
幽默,扣紧
优质,扣留
优越,扣押
优裕,苦楚
优选,苦难
优先,库存量太大
优胜,夸大
优美,夸大的
优良,夸大其词
优惠,夸大之词
优厚,夸张
优点,夸张的
优等,垮掉
优待,旷工
用心,旷课
涌现,亏本出售
勇于,亏损
勇武,困惑的
勇往直前,困境
勇气,困苦
勇猛,困难
勇健,困难的
勇敢,困扰
永久,烂账
永恒,滥用
永存,滥用的
拥护,浪费
拥戴,勒紧裤腰带
硬朗,累赘
硬汉,冷清
盈盈,离间
迎接,联合抵制
迎候,廉价
英姿,廉价出售
英勇无畏,劣势
英勇,劣质的
英雄,临时解雇
英武,零落
英明,令人不安的
英名,令人不快的
英烈,令人困惑的
英俊,令人气馁的
英华,令人生气的
英豪,令人生疑的
英才,令人失望的
引人入胜,令人失望地
引导,令人讨厌
殷实,令人讨厌的
殷勤,令人遗憾的
殷切,流氓
荫庇,流言蜚语
因地制宜,垄断的
毅然,垄断者
意气风发,陋习
益处,漏掉
屹立,漏收
义诊,漏税
义演,鲁莽
义卖,鲁莽的
倚重,鲁莽地
以身作则,露出的
颐养,乱涂
宜人,掠夺的
怡神,落后
怡和,落后的
一心一意,麻烦
一心,麻烦的
一往无前,麻烦的事
一丝不苟,麻烦事
一日千里,埋怨
一气呵成,毛病
一流,矛盾
摇篮,矛盾的
尧舜,矛盾因素
邀请,冒犯
样板,冒牌货
仰望,冒险
洋洋,冒险的
扬名,冒险的事
扬眉吐气,贸然
艳羡,没收
言行一致,没用
言而有信,没有的
严整,没有理由的
严明,没有利润的
严密,没有用的
严谨,没有执照的
雅丽,蒙受
压轴戏,猛烈
循循善诱,猛烈的
雪中送炭,猛烈地
选贤任能,迷惑
旭日东升,迷惑的
栩栩如生,密谋
虚心,免除
修身,免职
雄心,免罪
雄文,勉强
雄伟,勉强的
雄威,勉强同意
雄图,蔑视
雄踞,谬误的
雄赳赳,磨难
雄纠纠,磨损
雄杰,漠不关心
雄健,漠视
雄厚,默许
雄风,难辨认的
幸事,难处理的
兴腾,难达到的
兴盛,难懂的
兴隆,难获得的
信誉,难堪
信义,难实施的
信心,难题
信守,难以把握
信实,难以获得的
信服,难以驾驭的
新颖,难以实行
新意,恼怒的
新秀,恼人的
新型,逆境
新星,扭曲
新鲜,弄错
新生,弄坏
新风,弄乱
欣欣向荣,虐待
欣欣,挪用
欣喜,排斥
欣慰,盘问
欣然,蹒跚
辛勤,蹒跚的
谢意,判断错
协调,判断错误
效忠,判决
效法,叛变
笑颜,叛乱
孝顺,抛弃
小康,赔偿
潇洒,赔偿金
向往,赔款
响当当,配错
享誉,碰运气的
享有,碰撞
享用,疲倦的
详细,疲软
详尽,疲软的
香甜,癖好
相助,偏差
相悦,偏见
相称,偏离
献礼,偏颇的
献词,骗术
献策,骗子
显著,剽窃
娴熟,贫乏的
鲜明,贫困
鲜美,贫困的
鲜活,平凡的
先知,评价过高
先贤,瓶颈
先人后己,迫使
先驱者,破产
先进,破产的
先河,破产者
先行,破坏
先锋,破坏的
先导,破坏活动
仙境,破烂不堪的
细致,破灭
细心,破碎的
细腻,破损
细密,凄凉
喜悦,欺骗的
喜讯,欺骗性
喜笑颜开,欺骗性的
喜闻乐见,欺诈
喜事,欺诈的
喜人,欺诈手段
喜气,起起伏伏
喜好,起诉
喜报,起诉书
洗礼,气馁
犀利,气馁的
稀有,气息奄奄
希冀,弃权
吸引,弃权让步
务实,弃权者
妩媚,牵强附会的
无与伦比,牵制
无懈可击,前后矛盾的
无微不至,谴责
无私,欠款
无双,欠税
无可比拟,强加
无尽,强迫
无坚不摧,强制
无敌,强制的
无出其右,强制力
无比,墙倒众人推
沃土,敲诈
问世,敲诈勒索
问候,敲诈者
稳重,切割
稳妥,侵犯
稳实,侵害
稳健,侵入
稳当,侵蚀
稳步,侵蚀的
闻名遐尔,侵吞
闻名,侵占
文明,轻率的
文才,轻蔑
温馨,轻蔑的
温润,轻视
温情,轻罪
温暖,清偿
温和,情绪化
伟业,驱逐
伟人,屈服
伟力,屈服的
伟绩,曲解
巍峨,曲折
威信,取回
威风,取消抵押品赎回权
旺销,取消资格
旺盛,劝诫的
万众一心,劝阻
万岁,缺点
万全,缺乏
万马奔腾,缺乏保证
婉转,缺乏的
完善,缺乏管束
完全,缺乏监管
完满,缺乏经验
完好,缺乏竞争力
完备,缺乏决断力的
拓展,缺乏职业道德的
妥贴,缺少
妥适,缺席
妥善,缺陷
妥当,让步
推重,扰动
推心置腹,扰乱
推举,扰乱的
推进,惹恼
推荐,惹起
推广,人员伤亡
推动,忍受
推崇,认罪的
推陈出新,任性
突进,容忍
突飞猛进,容许
突出,辱骂
透彻,辱骂的
头等,软弱
统一,弱点
同心协力,弱化
同心同德,弱于预期
同心,撒谎
通情达理,三人成虎
通明,丧气
通达,丧失
通畅,丧失抵押品赎回权
通才,丧失能力
挺身而出,丧失市场
挺进,骚动
铁面无私,骚乱
铁军,骚乱的
贴心,骚扰
贴切,删去
调解,煽动
调和,伤害
挑大梁,伤亡
甜头,伤亡人员
甜蜜,伤心
天使,商品过剩
天然,少报
天理,少报账目
天赋,少说
提倡,奢侈
腾飞,舍弃
特色,涉及
特等,涉嫌
滔滔不绝,审查
探索,审查案件
探求,审核的
探究,审判
探访,审问
叹为观止,生产不足
坦途,生产过剩
坦然,生产能力过剩
坦率,生硬的
坦诚,声名狼藉的
泰然,声讨
泰斗,失败
太平,失败的
踏实,失败者
所向披靡,失策
﻿遂意,失策的
随机应变,失常
素养,失常的
硕果,失宠
顺应,失控
顺心,失灵
顺气,失去
顺畅,失去的
爽口,失调
双赢,失望
树立,失望的
熟知,失效
熟悉,失效的
熟稔,失业
疏导,失业的
舒展,失业期
舒心,失意的
舒适,失职
舒服,失职者
殊荣,失踪
首要,施暴
首位,施加压力的
首屈一指,始料未及
首创,市场失灵
首倡,市势疲弱
守法,势在必行的
收效,事变
收获,事故
收复,收费过高
誓言,收买
适用,收缩的
适宜,收缩银根
适销,守势
适合,受挫
适度,受挫折的
试金石,受到挑战的
事迹,受到危害
事半功倍,受到影响
势如破竹,受害者
势不可挡,受贿
势不可当,受苦
示范,受苦的
始终如一,受难
始终不渝,受损的
始创,受损害
使命,受损害的
矢志,受损失
史无前例,受限的
史诗,受阻碍的
史册,疏忽
实用,疏忽的
实效,输的
实事求是,束缚
实绩,衰减
实惠,衰竭
实话,衰落
实干,衰弱
十全十美,衰退
盛赞,衰退的
盛誉,衰退期的
盛宴,双规
盛筵,爽约
盛事,说谎
盛世,说谎的
盛情,死的
盛名,死亡
盛况,死账
盛开,死者
盛举,肆无忌惮的
盛景,诉苦
盛会,诉讼
盛典,诉讼当事人
盛大,诉讼的
胜仗,诉状
胜算,算错
胜诉,损害的
胜似,损害赔偿
胜任,损耗
胜景,损坏
胜迹,损毁
胜地,损毁物
胜,损伤
圣贤,损伤外观
圣人,损失
圣洁,损失惨重的
圣地,缩短
省心,缩减
省事,缩小
声威,缩小规模
生力军,索赔
生机勃勃,琐碎的
生机,塌陷
生动,贪污
生财,逃避
升值,逃避的
升华,逃税
升格,逃脱
神州,淘空
神通,淘汰
神算,讨厌的
神圣,提出质疑
神采奕奕,调查
神采,调查的
深造,听任
深远,停播
深意,停顿
深信,停顿的
深透,停工
深思,停工期
深入,停业
深情,停职
深切,停止
深刻,停止的
深化,停止上市
深厚,停滞
深度,停滞的
身先士卒,同谋者
身体力行,痛苦的
舍己救人,偷窃
上游,投机
上品,投机取巧的
上流,投降
上进,投诉
上乘,投资不足的
上策,突然下跌
赏心悦目,突然陷入
赏识,徒劳的
善意,湍流
善始善终,推迟
善举,推翻
三好,推诿
润泽,退步
睿智,退化
锐意,退化的
锐气,退让
锐不可当,退市
入选,退税
入神,退位
儒商,托称
如愿,托辞
如意,拖拉
柔和,拖累
融洽,拖欠
融会贯通,拖欠债务的
融会,拖延
荣膺,拖延的
荣耀,脱缰
荣升,脱离
荣归,挖坑
荣光,瓦解
荣登,歪曲
日新月异,歪曲报道
韧性,歪曲的
韧劲,弯曲
任人唯贤,玩忽职守
任劳任怨,玩忽职守的
认真,玩忽职守者
仁义,玩弄
仁慈,危机
仁爱,危机的
人缘,危及
人心所向,危急的
人权,危难
人格,危险
人道,危险的
人才,危险地
热血,危险迫近
热销,危险期
热望,威胁
热切,违背
热闹,违法
热门,违法的
热烈,违法地
热火朝天,违法犯罪
热诚,违法行为
热潮,违法乱纪
热爱,违法者
确信,违反
确实,违反规则的
确切,违反者
雀跃,违规
全新,违约
全心全意,伪造
全盛,伪造的
全胜,伪造品
全面,伪造物
全力以赴,伪证
全才,未缴纳的
权益,未结算的
权威,未解决的
趣味,未经当局许可的
取长补短,未经批准的
取胜,未经同意的
取经,未经宣布的
求实,未经证实的
庆祝,未调整的
庆贺,未通过
庆典,未完成
请教,问题
情谊,问题的
情投意合,污点
清正,污染
清醒,污染的
清新,无把握
清晰,无保险的
清通,无保证的
清泉,无耻的
清明,无底线的
清名,无度地
清凉,无端的
清廉,无法无天的
清净,无法预料的
清洁,毫无根据
清晖,无家可归的
清华,毫无价值
清风,无节制的
清淡,毫无经验
清澈,无理
清白,无力
倾注,无力偿还
倾心,无力偿还的
轻装,无力的
轻松,无能
青春,无能的
勤勉,无能力
勤劳,无事实根据的
勤俭,无事实证明
勤奋,无视
亲人,无效
亲热,无效的
亲切,无效率
亲密,无效率的
亲临,无信用
亲近,无依无靠的
亲和力,无益的
钦羡,无用
钦佩,无用的
锲而不舍,无缘无故地
惬意,无知
切实,无主的
切合,无资格
翘楚,误差
巧思,误传
巧妙,误导
巧夺天工,误会
强壮,误解
强者,误判
强盛,误区
强劲,误算
强健,误用
强大,误用的
前瞻性,牺牲者
前沿,奚落
前途无量,袭击
前所未有,洗黑钱
前驱,戏弄
前列,细看
前景,狭窄的
前赴后继,瑕疵
前锋,下等的
前程,下跌
前辈,下岗
谦虚谨慎,下滑的
谦虚,下架
谦诚,下降
千里马,下降的
千金,下坡
千变万化,下坡的
恰到好处,下狱
契机,嫌疑
气质,嫌疑犯
气势,险恶的
气魄,限度
气派,限制
气概,限制的
起色,陷害
起飞,陷入僵局的
启示,相持不下
启迪,相反的
企盼,相矛盾的
旗帜,想不到的
旗手,向下
旗开得胜,向下的
奇葩,消耗
奇妙,消极的
奇迹,消极地
奇观,萧条
奇功,萧条的
奇才,小道消息
奇兵,效率低
齐整,效率低的
齐心,邪恶
齐全,邪恶的
齐名,胁迫
期盼,胁迫的
期冀,泄露
期待,心烦意乱
谱写,心烦意乱的
朴实,新股偏弱
魄力,新股弱势
平整,信用等级下降
平稳,刑罚的
平坦,凶狠
平顺,凶兆
平实,虚报
平静,虚报账目
平和,虚构的
平等,虚假
平安,虚弱的
品鉴,虚伪
品德,虚伪的
品尝,蓄意的
频传,宣布放弃
拼搏,宣告无效
飘逸,宣告有罪
媲美,宣判
披荆斩棘,悬置
澎湃,削减
蓬勃,削弱
喷薄,询问
佩服,压低
培育,压低的
培养,压力
陪伴,压抑
抛砖引玉,压抑的
盼望,压榨劳动力
判明,揠苗助长
攀登,延迟
排头兵,延缓
呕心沥血,延期
讴歌,延期偿付
暖流,延期偿还
暖和,延误
努力,延滞
浓郁,严峻的
浓厚,严酷的
凝聚力,严厉的
宁静,严厉地
年富力强,严重
能人,严重的
能干,严重地
内行,严重性
难得,言过其实
耐用,掩蔽
耐心,掩饰
睦邻,厌恶
魔力,厌恶的
模范,厌烦的
铭记,谣言
鸣谢,揶揄
明珠,野蛮人
明智,一语成谶
明哲,移交
明眼人,移位
明星,遗漏
明晰,﻿遗弃
明确,遗失
明亮,疑团
明朗,疑问
明镜,疑心
明静,异常
明光,异常的
明达,异常地
明察秋毫,异常情况
明辨是非,异常现象
名正言顺,异化
名誉,抑郁
名优,抑制
名言,抑制的
名闻遐迩,易受攻击
名士,易受影响
名师,易损性
名品,意见不同
名牌,意见不同的
名门,意料之外的
名满天下,意外
名流,意外的
名家,意外地
名贵,意外事故
名城,阴暗的
名产,阴谋
敏锐,阴谋的
敏捷,阴谋集团
敏慧,阴谋者
民主,银根紧
妙语,银根紧的
面市,引入歧途
勉励,引以为戒
绵长,隐藏
迷人,隐藏的
猛进,用尽
萌芽,忧虑
魅力,忧虑的
美誉,犹豫
美味,犹豫的
美妙,油尽灯枯
美化,游手好闲
美观,有保留
美称,有错误的
美差,有毒的
美餐,有分歧
满载而归,有过失
满堂红,有过失的
满腹经纶,有坏处
满分,有破坏性的
迈进,有牵连的
埋头苦干,有倾向的
马不停蹄,有缺陷的
率先,有缺陷的人
履约,有危险的
落实,有问题的
炉火纯青,有限制的
隆重,有压力
隆盛,有压力的
柳暗花明,有疑问的
流通,有异议的
流连,有争论的
流利,有争议的
流行,有罪
流畅,有罪的
领衔,诱发
灵性,余波
灵通,逾期
灵敏,愚弄
灵活,预谋
灵感,预先决定的
灵动,预兆
琳琅满目,欲速则不达
两全,原谅
良缘,怨恨
良友,越轨
良药,越轨的
良性,运行中断
良心,灾害
良田,灾祸
良好,灾难
良港,灾难的
良方,灾难性的
良策,灾难性地
廉直,遭破坏的
廉政,遭受
廉明,遭遇
廉洁奉公,造成
廉洁,责备
联谊,责难
联手,诈骗
联袂,占领
联欢,战斗
莅临,战争
利于,站不住脚的
利索,障碍
利国利民,障碍物
励精图治,找借口
立志,召唤
立功,召回
厉行,遮蔽
力作,遮掩的
力争上游,折断
力争,折磨
力挽狂澜,折余价值
力求,震惊的
力行,争辩
理智,争辩的
理直气壮,争吵
理性,争吵的
理想,争夺
理顺,争论
理解,争执
礼遇,征用
礼让,支配
礼貌,指控
黎明,指责的
冷静,制约
雷霆万钧,制止
雷厉风行,制止的
了不起,质问
乐园,质询
乐于,质疑
乐意,滞销
乐业,滞销的
乐土,中断
乐天,中断供应
乐观,中伤
老实,中伤的
老练,中止
牢靠,终结
牢不可破,终了
劳模,终止
浪漫,重负
浪潮,重新募集资金
烂熟,重罪
蓝图,周折
来宾,逐出
阔步,注意力分散
扩展,追缴
扩大,资本不足的
扩充,资金不足的
鲲鹏,自首
馈赠,自卫的
魁首,阻碍
狂欢,阻碍物
宽裕,阻断
宽慰,阻挠
宽容,阻塞
宽阔,最不利的
宽宏,最差的
宽广,最坏的
宽绰,最苛刻
宽敞,最慢的
脍炙人口,最深
快悦,罪恶
快速,罪恶的
快马加鞭,罪犯
快捷,罪行
快活,作罢
跨越,作辩解
夸赞,作废
夸奖,作秀
口碑,坐牢
空前,做错
铿锵,做错的
肯定,做恶
客观,做坏事
恪守,憾事
渴求,散漫
可意,出卖
可喜,偏激
可取,荒凉
可口,无赖
可靠,缺失
可嘉,积欠
可行,胡思乱想
可贵,泡影
可观,失足
靠得住,浮夸
考究,做手脚
慷慨解囊,黑枪
慷慨大方,仇视
慷慨,后门
康泰,财迷
康乐,交迫
康健,赌气
康复,劫难
看重,无病呻吟
看望,败类
侃侃而谈,囚徒
楷模,成心
凯旋,作怪
凯歌,白痴
开心,内幕
开拓,谬论
开通,冗杂
开启,头目
开辟,腐化
开明,犹豫不决
开门红,沦落
开朗,要命
开阔,作乱
开怀,庞杂
开化,事端
开放,寒酸
开发,闭塞
开创,争斗
开诚布公,落井下石
俊杰,挑拨
均匀,后台
倔强,叛国
矍铄,幻灭
崛起,得意忘形
绝招,手腕
绝妙,貌合神离
绝技,虚荣
绝顶,残暴
绝唱,拨弄
诀窍,陈规
决定性,囚犯
眷恋,稀松
捐助,游荡
捐赠,支吾
捐献,炫耀
具体,叛徒
巨子,依附
巨著,惶惶
巨人,冤枉
巨匠,丑态
举一反三,白卷
举世闻名,无精打采
举荐,尖酸刻薄
居首,苦涩
静谧,迟延
敬重,蛀虫
敬意,嫉妒
敬佩,杂质
井然有序,贿金
井井有条,口舌
精装,一成不变
精致,虚弱
精湛,明抢
精英,绝路
精益求精,谩骂
精义,灰心
精研,一文不值
精选,攀附
精心,混浊
精细,反击
精髓,纷纭
精神,臆测
精深,皮相
精锐,落魄
精确,饭桶
精强,含混
精品,颓势
精辟,败退
精明,残喘
精妙,狭隘
精密,暗箭
精美,迟疑
精良,坑骗
精练,拉帮结派
精力,蒙昧
精华,贫气
精干,批判
精粹,盗卖
精诚团结,冷遇
精诚,榨取
精彩,外患
精兵,举棋不定
兢兢业业,拘谨
晶莹,噩耗
惊喜,附庸
经纶,倒台
经典,贪
晋职,裹足不前
晋级,暗藏
进展,溺爱
进益,缺憾
进贤,插足
进取,落马
进军,墨守成规
进化,过火
尽职,越权
尽责,妄想
尽情,骄傲自大
尽力,遮掩
锦绣,得逞
锦旗,败落
锦标,偏狭
金玉,慌乱
金钥匙,垫背
金口,复辟
金贵,荒诞
金凤,贪图
巾帼,劣质
解囊相助,阻挡
解惑,拿捏
解放,残局
解除,篡位
捷径,负隅顽抗
捷报,昏暗
结实,逃亡
结晶,笑里藏刀
洁净,倒楣
杰作,肢解
节约,隔膜
节余,祸害
节省,夭折
节能,无聊
节俭,疑云
揭晓,作茧自缚
揭示,迟滞
揭幕,追究
揭发,中计
接班人,捞取
教育,老奸巨猾
教诲,罪责
较劲,冒充
觉醒,破财
叫好,乱子
缴获,吝惜
脚踏实地,示弱
佼佼者,牵累
匠心独运,扎眼
奖状,偷偷摸摸
奖章,惨然
奖学金,闻风丧胆
奖杯,过头
讲求,疮痍
讲究,败诉
鉴赏,通病
鉴定,寄生虫
鉴别,忧心
践诺,陈言
践行,称大
健全,骄气
健康,浑水摸鱼
建言,病毒
建树,迷途
建设性,藩篱
建设,祸患
建立,惊惶
见长,得陇望蜀
见义勇为,怠慢
见效,贪官
见闻,有始无终
见识,刺耳
见解,苦海
简易,落空
简要,昏迷
简雅,冤大头
简明,斥责
简练,偏安
简捷,疯狂
简洁,算计
简短,明争暗斗
简便,黑哨
剪彩,粗略
检举,辛酸
兼顾,混沌
兼备,窥测
艰苦奋斗,陋规
坚毅,斤斤计较
坚信,合谋
坚守,假意
坚实,乌云
坚韧不拔,肮脏
坚韧,弊病
坚强,吸血鬼
坚固,沉重
坚定不移,奴化
坚持不懈,同流合污
坚不可摧,孤立
尖端,借题发挥
尖兵,残缺不全
嘉许,苦境
嘉奖,胆怯
佳作,狠心
佳人,尖刻
佳品,倒悬
佳境,不和
佳节,抄袭
继往开来,丑事
继承,郁闷
技巧,恶霸
纪念章,反派
纪念品,失察
纪念币,劣迹
纪念碑,后悔
纪念,钻心
集锦,破绽
极致,嫁祸于人
极力,暗礁
吉星,多嘴
吉祥物,嚣张
吉祥,纵恿
吉日,丢人
吉庆,敷衍
吉利,不屑
及时雨,吃亏
及时,脏乱
激扬,做戏
激情,烂摊子
激进,败仗
激活,讨厌
激发,半死
激昂,粗制滥造
跻身,苟且偷生
积蓄,恶劣
积极性,暗算
积极,讨好
机智,笑柄
机敏,阴影
机会,置之不理
获准,心惊胆战
获取,自食其果
火热,横加
火花,受罚
活泼,渺小
活力,赘言
惠及,次货
惠存,烦琐
绘声绘色,暴利
诲人不倦,牟取
荟萃,短浅
会心,丑话
会师,低俗
汇集,贬斥
回味,安于现状
回报,花天酒地
辉煌,嘴皮子
恢宏,招摇撞骗
恢弘,不可一世
恢复,信不过
诙谐,可恨
焕然一新,受制
焕发,挥霍无度
唤醒,触怒
唤起,勒索
幻想,割裂
缓解,不善
欢悦,残杀
欢愉,破败
欢迎,调拨
欢欣鼓舞,排外
欢喜,掉队
欢天喜地,保命
欢送,锁链
欢乐,舞弊
欢快,羞耻
欢聚,威逼
欢畅,逃跑
滑润,病害
华章,镇压
华年,依仗
华美,后患
华丽,无所用心
华贵,乱糟糟
华彩,刁难
划一,支离破碎
护卫,盲目
护理,沦丧
护航,囫囵吞枣
互助,卤莽
互通,糟粕
互利,拖沓
互惠,失利
厚重,惆怅
厚望,狂妄
厚实,窥伺
厚礼,出局
厚爱,沆瀣一气
后盾,尴尬
鸿儒,冷冷清清
鸿博,强权
洪流,索贿
宏伟,怨气
宏图,治罪
宏丽,卖国
宏大,权贵
红火,无的放矢
弘愿,冷言冷语
弘扬,血腥
轰轰烈烈,不堪一击
亨通,仇人
贺喜,昙花一现
贺电,横生枝节
荷花,灭口
和谐,强求
和顺,胡说
和平,倒算
和睦,泡汤
和乐,深重
和解,言而无信
和缓,苦恼
合算,淫秽
合适,阻隔
合理化,片面
合理,没治
合乎,痛恨
合法,无所不为
呵护,蹉跎
浩浩荡荡,卑躬屈膝
浩荡,苦闷
浩大,冷害
号角,败将
好转,苟且
好意,愁苦
好事,错字
好上加好,逼仄
好日子,自不量力
好人,耗损
好评,悲鸣
好看,擦脂抹粉
好过,黯淡
好感,夹生
豪言壮语,频仍
豪爽,扑腾
豪情,谋私
豪气,死灰复燃
豪迈,沉湎
豪杰,赔钱
豪华,小偷
行家,变脸
捍卫,卑鄙
汗马功劳,雷同
罕见,企图
涵养,欺负
含蓄,芥蒂
果决,吹嘘
果敢,阻滞
果断,歉收
鬼斧神工,短处
光荣,诡谲
光明正大,癫狂
光明磊落,傀儡
光明,不兴
光芒,株连
光辉灿烂,每况愈下
光辉,机关算尽
光顾,迫害
光彩,破落
关怀备至,扣帽子
固若金汤,费力
贡献,刺眼
攻无不克,愧悔
功勋,卑劣
功劳,约束
功绩,草菅人命
公私分明,坏
公开,浅尝辄止
革故鼎新,平庸
高雅,狼狈为奸
高尚,谄媚
高朗,装糊涂
高举,闹事
高精尖,致命
高见,愁肠
高级,低产
高歌猛进,发疯
高歌,拘束
高峰,打劫
高风,病夫
高等级,肆意
高等,欺凌
高档,低落
高大,自居
高潮,肆无忌惮
高超,骂名
高产,窜逃
高材生,马马虎虎
高昂,挖空心思
纲领,蚀本
刚正,波折
刚勇,苛责
刚毅,粗鄙
刚性,饥荒
刚柔,非分
刚强,花腔
干练,构陷
干净,放任
干劲,帮凶
干将,责问
感召,漏子
感言,犯人
感谢,烦冗
感悟,作对
感同身受,惊吓
感人,绑匪
感染力,黑手
感激,蓄意
感化,旁敲侧击
感恩戴德,策动
感恩,庸人自扰
感动,毒资
敢于,并吞
赶上,私自
肝胆相照,见鬼
甘心,割据
甘泉,东窗事发
甘霖,垂死
盖世,寒碜
改观,气急败坏
改革,独裁
富足,开倒车
富源,封建
富裕,不劳而获
富余,连篇累牍
富有,丑化
富庶,伎俩
富饶,保护伞
富强,偷盗
富民,苦命
富国,咒骂
富贵,掠夺
赋有,官僚
复兴,包袱
复苏,出事
辅助,歪风
福祉,机械
福音,痴呆
福星,咄咄逼人
福利,明火执仗
福地,狗熊
扶助,暮气
扶贫,殴打
扶持,不公
奉献,诱饵
锋芒,犯法
风姿,倒爷
风趣,衰微
风华,利欲熏心
风光,贪得无厌
风范,打扰
风发,退却
风采,扼杀
丰裕,哀鸣
丰沃,参差
丰硕,末日
丰收,蛮荒
丰盛,军阀
丰润,独断
丰沛,穷途末路
丰年,伸手
丰满,胡言
丰厚,染指
丰功伟绩,放火
丰富多彩,孤家寡人
丰登,挑动
丰碑,把持
奋战,凌辱
奋勇向前,卖弄
奋勇,拘囿
奋起,烂帐
奋力,落架
奋进,漏洞
奋发,马脚
奋斗,抽象
费尽心血,各色
翡翠,讥笑
肥沃,谬误
肥美,出笼
非凡,疲弱
飞扬,蠢动
飞翔,恣意妄为
飞舞,翻车
飞腾,幕后
飞快,仇杀
飞驰,交恶
飞奔,乏味
放心,拐卖
芳香,漂浮
方针,冷风
方兴未艾,牢骚
方略,横行
方便,肆虐
范文,转嫁
范例,装样子
范本,偏私
繁盛,事倍功半
繁荣昌盛,闹剧
繁华,言不由衷
繁多,慌张
法治,罪孽
法宝,平淡无奇
发扬,儿戏
发祥地,巧立名目
发现,好色
发起,走后门
发家,饥寒
发挥,绞杀
发光,嫌弃
发愤图强,损人利己
发奋图强,烦闷
发达,拉扯
发财,罪有应得
恩爱,怪物
夺冠,不利
多样,帮派
多谋善断,矮小
多彩,洗劫
对症下药,偷税
锻炼,套话
端直,乱窜
端正,自夸
独特,等量齐观
独立,起哄
独具匠心,桎梏
独到,粗疏
独创,扯谎
独步,绊脚石
斗志,无所不至
抖擞,扯后腿
洞悉,薄地
洞察,差池
动容,黑金
动人,狭小
动力,赔本
懂行,辣手
东风,忧愁
定心丸,滋长
鼎新,过敏
鼎盛,杀害
鼎力,失意
顶天立地,捞一把
顶峰,感伤
殿堂,笼络
奠基,弊害
奠定,反目
点缀,仇恨
点头,胆小
点明,空手而归
点将,不韪
典型,惶然
典礼,露骨
典籍,恶毒
第一流,抠门儿
递升,帮会
地利,空泛
地道,挑战
砥砺,罗嗦
底蕴,阳奉阴违
底气,适得其反
灯塔,寄生
德政,同谋
德育,矫情
德化,出尔反尔
德高望重,狼子野心
得主,轻率
得体,指鹿为马
得手,小鞋
得人心,挑衅
得力,偏心
得当,狐假虎威
道义,肠断
道德,独吞
导引,独断专行
当先,老狐狸
胆大心细,擅自
带头人,狡黠
带头,狂人
带领,上台
带动,小肚鸡肠
大作,凋谢
大义,迎合
大显身手,颓废
大团结,不当
大统,坑蒙
大手笔,残害
大势,搞鬼
大好,阴郁
大方,信口雌黄
大典,露怯
大刀阔斧,暴发
大胆,图谋
打响,阴云
打下,勾连
打通,罪人
打气,困厄
打破,伪劣
答谢,欠缺
达人,积习
达标,苦差
璀璨,乌合之众
促膝,侵扰
促使,想入非非
促请,出轨
促成,诟病
粗犷,出风头
从优,逼婚
从容,呆板
聪明,耻笑
慈祥,伪装
慈善,仿制
慈爱,狼狈
醇美,蒙骗
醇酒,变天
醇厚,漏网
纯正,负债
纯洁,逃走
纯粹,黑心
春晖,不学无术
春光,上当
春风,媚外
垂青,懦夫
创作,急躁
创制,冷嘲热讽
创意,教条
创收,哀嚎
创始,凄惨
创设,险恶
创立,海损
创举,不逊
创见,吝啬
创汇,奢靡
传颂,偏废
传授,做作
传世,绝望
传经,走过场
矗立,扒窃
楚楚,胆敢
初衷,亦步亦趋
出众,共犯
出息,专制
出头,本末倒置
出色,张狂
出名,揩油
出类拔萃,安心
筹募,蹂躏
酬金,麻痹
绸缪,滔天
崇高,不自量力
充实,坏帐
充沛,老气横秋
充分,败北
冲破,胆大妄为
冲锋陷阵,暮气沉沉
冲锋,鄙弃
炽热,败家
赤诚,臭名
叱咤风云,失算
持之以恒,不测
持平,蜻蜓点水
持久,恶果
驰名,玷污
驰骋,毒素
吃香,积弊
吃苦耐劳,结伙
澄清,怕事
乘风破浪,多此一举
承诺,低下
承担,败
诚挚,懈怠
诚意,变本加厉
诚心诚意,连累
诚心,懦弱
诚实,差劲
成长,胡乱
成效,内难
成熟,蚕食鲸吞
成事,捣乱
成名,背道而驰
成立,勾搭
成绩,见异思迁
成材,同伙
成才,流离
撑腰,贬损
称许,苦痛
称心,薄弱
称道,卖国贼
晨曦,扯淡
沉着,呵斥
沉稳,一味
潮流,横财
朝阳,低档
朝气蓬勃,豪强
朝气,越境
朝晖,没落
超脱,耍赖
超人,尘嚣
超群,吵嚷
超前,疑虑
超级,当道
超凡,气焰
超常,淡漠
倡议,称霸
倡导,闹鬼
畅游,蠢蠢欲动
畅销,庸俗
畅旺,陷井
畅通,危言耸听
畅谈,酷刑
畅行,拖后腿
畅达,贪心
尝鲜,相提并论
昌隆,凋敝
阐述,枷锁
阐明,事态
阐发,亏待
蝉联,黑道
操守,失信
苍穹,遭殃
灿烂,悲切
彩云,惊恐
采纳,窃取
财运,勾联
财富,煞费苦心
财宝,吹捧
才智,妄称
才女,苦头
才能,过时
才华,糟糕
不同凡响,潦草
不屈不挠,信口开河
不吝,孤独
不凡,腻烦
不乏,朝三暮四
不错,无理取闹
博雅,呆帐
博学,火拼
博览,死气沉沉
博大,答非所问
博爱,低三下四
伯乐,离奇
波澜壮阔,唾骂
并进,塞责
并肩,贫瘠
并驾齐驱,虚言
并行不悖,存心
禀赋,不可靠
禀承,柔弱
宾朋,自负
表彰,仿造
表扬,挑三拣四
表率,狂暴
飙升,低潮
标致,低微
标兵,不齿
辩证,食言
便于,裹挟
便民,斗嘴
便利,恼怒
便捷,哀号
变通,一言堂
裨益,炎热
毕生,责怪
比肩,难听
鼻祖,垃圾
迸发,令人发指
本事,落网
本领,祸端
本份,溃乱
奔腾,各奔前程
奔赴,违宪
辈出,搅扰
爆满,迁就
抱负,冰冷
报效,丢失
报喜,灰暗
报国,倒运
报恩,乱说
保值,日薄西山
保送,捣蛋
宝座,吸毒
宝库,拆散
宝贵,多疑
宝藏,纷乱
宝贝,讹误
褒扬,缠扰
褒奖,嫉恨
包容,坏处
磅礴,粗鲁
榜首,空论
帮手,破烂
帮忙,暧昧
帮扶,费解
伴随,毁损
拜访,逆耳
拜读,公敌
百折不挠,罪名
奥妙,流毒
盎然,埋汰
昂扬,笨拙
安稳,压制
安泰,旁骛
安然,蒙蔽
安宁,暗娼
安分守己,开后门
爱护,坠毁
爱国,依赖
爱不释手,不配
爱戴,卑微
爱好,阴霾
爱惜,暴政
褒,难处
并重,指手画脚
不愧,窘况
畅快,耗竭
称快,苟延残喘
称颂,鄙夷
称叹,勾引
称羡,贩黄
称谢,垂涎
称心如意,从犯
称誉,垂头丧气
称愿,咎由自取
崇拜,言行不一
崇敬,暴乱
崇尚,繁琐
踌躇满志,粗劣
垂爱,案犯
春风得意,反咬
春风满面,牟利
大快人心,受骗
大喜过望,离心离德
当之无愧,逊色
道贺,徒劳
道谢,庸医
感激不尽,熟视无睹
感激涕零,傻瓜
感兴趣,生搬硬套
高山仰止,苍凉
歌颂,懒汉
给面子,隐忧
恭贺,语无伦次
恭祝,毕露
关爱,假话
关怀,损公肥私
关切,草率
关心,同日而语
关照,黑店
酣畅,黑幕
豪情满怀,诘难
喝彩,窝囊
欢欢喜喜,炮制
欢闹,陷阱
欢声雷动,迷雾
欢腾,浩劫
欢欣,索要
欢娱,畏首畏尾
还礼,厌烦
回敬,庇护
回礼,虚构
魂牵梦萦,沉沦
冀望,落伍
夹道欢迎,荒谬
交口称誉,仰赖
交口称赞,坏话
叫绝,坐视不救
皆大欢喜,苟活
景仰,暴民
敬爱,宰
敬奉,空想
敬服,无为
敬礼,逆流
敬畏,动怒
敬仰,发烧
鞠躬,拍马
聚精会神,专断
眷念,死板
开绿灯,固执己见
快慰,盗窃
快意,十恶不赦
宽畅,吹牛
狂喜,失事
狂想,泥古
乐颠颠,毁容
乐呵呵,倨傲
乐悠悠,低沉
乐滋滋,冒失
礼赞,消极
立项,奢华
论功行赏,胡闹
满怀豪情,诅咒
满怀激情,忧患
满面春风,埋没
满心欢喜,贫弱
美言,愁城
美滋滋,粗糙
梦寐以求,翻天
膜拜,二心
拍案叫绝,蛊惑
拍手称快,祸根
拍手叫好,压榨
捧场,冗长
批准,仓皇
普天同庆,明哲保身
器重,不仁
翘盼,草草
轻快,邪门
倾慕,恶魔
情有独钟,忙乱
情愿,装模作样
饶有兴趣,暴君
认可,居心
如痴如狂,空话
如痴如醉,抽风
如获至宝,搪塞
如醉如痴,叵测
入迷,助长
神往,诱使
施礼,惨痛
十分满意,疙瘩
示好,靠不住
手舞足蹈,狡猾
首肯,恼人
舒畅,内乱
舒坦,元凶
属意,无耻
爽快,萎靡
说好,葬送
说项,愁云
颂扬,毒害
随心,虫害
遂心,火并
遂意,纷扰
抬举,近视
叹服,匮乏
陶然,躁动
陶陶,溃散
陶醉,隔阂
特许,烦心
挑三拣四,窥视
推许,滞涩
望眼欲穿,挫伤
忘乎所以,魔爪
问心无愧,阿谀奉承
喜不自禁,地主
喜不自胜,轻信
喜出望外,一窍不通
喜乐,酷热
喜气洋洋,赖皮
喜上眉梢,厚颜无耻
喜形于色,毒品
喜洋洋,无所不用其极
喜滋滋,冒牌
喜孜孜,创痕
相中,鼓吹
孝敬,抢劫
写意,货损
谢,窟窿
谢天谢地,孱弱
谢谢,扒皮
欣喜若狂,刁钻
欣羡,紊乱
心驰神往,阉割
心花怒放,粗话
心旷神怡,抹杀
心满意足,因循守旧
心疼,利诱
行礼,山穷水尽
许可,害处
洋洋得意,奸商
洋洋自得,退坡
仰慕,汗颜
一往情深,黑钱
依依不舍,坏蛋
溢美,贼喊捉贼
引领,狭窄
跃跃欲试,不爽
折服,夹带
珍爱,流俗
珍视,上钩
珍惜,溃退
珍重,案底
知冷知热,绝情
挚爱,为所欲为
致谢,编造
准许,汉奸
准予,盘踞
自得其乐,反攻
啧啧称赞,隐患
憧憬,僵化
犒赏,负面
最佳,噩运
自在,杀
自由自在,不遂
自由,枯燥
自勉,专权
自立自强,灰色
茁壮成长,惨境
赚钱,死地
专属,羁绊
值得尊重,祸国殃民
值得尊敬,诓骗
值得纪念,狰狞
值得称赞,推波助澜
正统,偏袒
正式,坐收渔利
正确性,兜售
正面,羞辱
正常,潦倒
增进友谊,公然
赞成者,臃肿
赞成票,罪证
诱人,虚张声势
有远见,施展
有用,魔鬼
有益健康,再犯
有效性,邪路
有效率的,放肆
有效率,暴烈
有说有笑,蠢蠢
有势力,繁冗
有权,四分五裂
有钱,大杂烩
有礼,冷漠
有分寸,挑肥拣瘦
有创造力,遗憾
有才干,极权
有把握,抹煞
幽默感,家丑
英雄式,劳民伤财
引以为荣,团伙
引以为傲,愧疚
引吭高歌,见利忘义
易懂,寒心
义无反顾,凋落
义不容辞,狂躁
一吐为快,心惊胆寒
遥遥领先,包办
学以致用,急性
学识,赤贫
学会,反复无常
学好,盗匪
学成归国,劫持
学成,饥馑
幸运地,犯案
兴趣,掉价
兴奋的,凋零
形影不离,烂污
新奇,无所作为
心有灵犀,懒散
心仪,鼓噪
心想事成,垮台
心如止水,明目张胆
心情愉快,短缺
心情舒畅,假冒
心平气和,费尽心机
心宽,众叛亲离
心甘情愿,反扑
心动,僵持
心诚则灵,走投无路
心安理得,装傻
写实,妄图
协作,败局
协助,萎靡不振
协力,残废
小天使,搜罗
享受,两面三刀
显赫,放逐
先见之明,财迷心窍
无忧无虑,讹诈
无庸置疑,半途而废
无可指责,心寒
无可挑剔,破罐破摔
为荣,闷气
为傲,盲从
万能,巢穴
完成的,惨白
同意,恶名
甜滋滋,一败涂地
天籁,虚设
体面,掺假
腾跃,受害
特级,串供
讨喜,私心
讨人喜欢,丑恶
讨好,非难
谈笑风生,错怪
谈笑,恶臭
太好了,把戏
太好,笨蛋
思想性,杜撰
熟练地,牢笼
受欢迎,野心勃勃
守信,残破
适应,充斥
适意,可耻
适时,毁弃
适任,短视
使用方便,消磨
时机成熟,毒打
盛年,劳役
生效的,白搭
生效,不肖
尚好,指斥
人情味,功亏一篑
人情,焦躁
热衷,纰漏
热热闹闹,打手
热切地,自私
群策群力,毁约
全神贯注,纠集
全力,假手
求新,指使
庆幸,气势汹汹
轻轻松松,喧嚣
轻快地,可憎
强壮的,妒忌
潜心,衰败
谦逊地,江河日下
谦恭有礼,非人
平心静气,赃物
平息,恶棍
平平静静,叛离
平平淡淡,僵死
平静下来,空谈
平衡,肤浅
品行端正,败笔
漂漂亮亮,粗浅
诺言,蓄谋
暖意,得过且过
妙不可言,前功尽弃
美梦,奇货可居
令人钦佩,吃货
令人难忘,南辕北辙
令人高兴,变相
乐在其中,动气
乐此不疲,粗暴
宽恕,惧色
快快乐乐,冷眼
克服,扯皮
可用,罪状
可信赖,绝境
可信,错乱
可行的,避重就轻
均衡,呆滞
均等,难看
决定性的,海盗
精确性,暴跳如雷
精力充沛,溃不成军
惊羡,肥胖
惊奇,盗猎
尽如人意,养尊处优
较优,溜边
较好者,自掘坟墓
渐入佳境,猖獗
加薪,成性
获得胜利,消沉
豁免,惨状
会心一笑,刺激
互助合作,虚名
互敬,不祥
互爱,恶疾
很爽,嘴硬
很棒,疲沓
好运,愚蠢
好学,拦路虎
行善,闯祸
哈哈,仿冒
过关,拈轻怕重
贵重的,单薄
贵重,破旧
广阔,人祸
光泽,拗口
光芒四射,苛刻
光亮,按兵不动
光滑,萧瑟
冠军,犯傻
鼓掌欢迎,厚颜
鼓掌,破绽百出
鼓舞人心,骗取
功德,联络
工整,名落孙山
高高兴兴,偷懒
感人的,胡作非为
富丽堂皇,叫嚷
符合要求,悖逆
奋争,尔虞我诈
分工合作,霸权
飞黄腾达,霸王
发财致富,落难
夺得,贿款
多福,钻营
多产,油水
独有,哄抬
独一无二,大材小用
独立自主,气恼
缔造者,牵强
缔造,摆弄
得奖,滑头
大笑,丑陋
打趣,守旧
创立者,心烦
出乎意料,溃灭
充份,摆布
超好,欺侮
偿清,犯愁
不亦乐乎,放浪
不懈,滑坡
不拘泥,昏君
不含糊,暗流
便宜,明知故犯
变清,草寇
变好,得罪
安逸,无动于衷
安心,泄密
安祥,敌伪
安慰,贬值
安睡,祸乱
安身立命,目瞪口呆
安身,拔高
安全,不快
安静,喧哗
安安稳稳,抛荒
安安静静,白眼
爱心,薄田
爱情,蠢事
爱好和平,冷酷
爱国心,白费
﻿爱岗敬业,粗陋
安居乐业,碰壁
安全可靠,倒霉
安然无恙,触犯
按时,庸人
拔得,不轨
摆脱困境,侵袭
保持稳定,兴风作浪
暴涨,赌博
奔头,夸耀
比较完善,臭名昭著
比较稳定,断送
必胜,旁若无人
变革,零乱
表示满意,自鸣得意
表示祝贺,蛮干
表现出色,恼火
别样,惊骇
博大精深,大话
不俗,好逸恶劳
不虚此行,随便
超额完成,阻力
超强,拙劣
出彩,轻薄
传奇色彩,低迷
传统美德,沦陷
闯劲,沉疴
创新力,勾通
创新能力,刻薄
创新型,废品
创新性,土崩瓦解
创业精神,惟利是图
创业项目,烦难
春意盎然,交困
淳朴,腹诽
慈善事业,迟到
催人奋进,悲恸
璀璨夺目,过激
大幅提高,敌人
大好时机,恐怖
大奖,乱七八糟
大佬,吃苦
大力提倡,偏执
大力支持,花言巧语
大赢家,贫乏
大涨,出逃
得天独厚,搁浅
得心应手,劫数
德才兼备,巴结
点赞,窠臼
顶级,蛮不讲理
顶尖,买通
独占鳌头,离散
多样化,龌龊
方便快捷,奸雄
飞速发展,溃败
非常丰富,遇险
非常高兴,低级
斐然,扒手
分工协作,内忧
奋发进取,置若罔闻
奋发有为,小丑
奋力拼搏,叫嚣
丰利,不济
符合实际,阴暗
富有成效,抱残守缺
感到高兴,指责
干部群众,小人
高度评价,纷争
高度赞扬,恐惧
高富帅,叛逃
高回报,惰性
高起点,宽纵
高效率,翻云覆雨
高于,恶心
高远,豢养
个性化,走马观花
各司其职,悲凉
公平合理,失误
公平竞争,辜负
功能齐全,煽风点火
功能强大,颠三倒四
刮目相看,压迫
贵宾,盲动
果实,贱民
过硬,赖帐
夯实,散布
行之有效,敌视
好榜样,吹毛求疵
好于,异想天开
和衷共济,不周
横空出世,费劲
后发优势,壁障
互惠互利,诱骗
互相学习,末路
互相支持,内外交困
互信,劳而无功
划时代,猫腻
环境优美,惨重
辉煌成就,催迫
回暖,狡辩
极佳,掺和
技术创新,幼稚
技术革新,公私不分
加快步伐,拉后腿
加力,讽刺
价格优势,灾年
坚强有力,松弛
简便易行,盲干
讲道德,纠纷
讲文明,臭名远扬
奖项,窄小
骄傲,拖泥带水
骄人,枯竭
杰出青年,内忧外患
金羊奖,攻讦
津津乐道,摆设
津贴,无名
进一步提高,翻脸
经济繁荣,惨祸
经贸合作,掠取
经验丰富,失范
惊人,杞人忧天
精神财富,彻头彻尾
精神风貌,自私自利
精细化,挤占
精心组织,拉关系
敬献,厄运
敬业,大肆
酒香,堆砌
举世瞩目,违犯
巨大成就,不良
巨大作用,德性
具有活力,严酷
决赛,节外生枝
绝对优势,不振
绝好,斥骂
绝佳,野蛮
开创性,沉闷
开放性,滥竽充数
可喜成绩,下场
恪尽,卷土重来
乐章,讥讽
里程碑式,呆子
力促,怂恿
厉害,谈虎色变
良好环境,荒芜
良好条件,乱世
良好形象,残余
良机,短促
亮丽,无所事事
亮眼,止步不前
靓丽,搅和
灵活性,暗杀
领航者,恫吓
领军人物,生硬
领军者,勾心斗角
领跑,背债
领头羊,坐井观天
领先水平,名誉扫地
领先于,欺压
领先者,凶手
令人激动,陈腐
令人欣慰,罪魁
令人振奋,骗局
令人瞩目,闹腾
流光溢彩,斗气
录用,处心积虑
履行职责,暴徒
满足用户,荒唐
美景,逼迫
密切合作,刁滑
密切配合,掣肘
密切协作,保守
名列,赃款
名列第一,肇事
明快,勾当
明确提出,虎头蛇尾
明确要求,煎熬
明确指出,造作
明显,乞求
明显改善,重演
明显增强,大言不惭
难能可贵,胆寒
年度人物,致使
年终奖金,添堵
蓬勃发展,贩毒
品牌形象,费事
品牌优势,渔利
平等互利,不法
普惠到,铺张
旗帜鲜明,好高骛远
千锤百炼,附和
前三甲,绞尽脑汁
前四,搅乱
前五,招摇
强强联合,过虑
强有力,强盗
强于,听之任之
抢手,暴躁
抢占,陷落
敲定,悲伤
切实加强,颠倒黑白
亲睐,难受
清流,溃逃
情操,残忍
求同存异,怨天尤人
求真务实,居功
取得成功,沉滞
取悦,作梗
权威专家,闪失
全面实现,骗
全面提高,分崩离析
全面完成,偏颇
确定无疑,俗
确凿无疑,老调
冉冉升起,扰民
饶有兴致,覆辙
热播,病魔
热度,刻板
热烈欢迎,笨重
热情高涨,作伪
热情好客,犯禁
认真负责,七零八落
荣誉称号,老巢
荣誉证书,复古
如期,疲敝
如期完成,晦涩
山清水秀,气味相投
闪亮,出格
善良,唾弃
商机,临阵脱逃
上行,华而不实
上佳,蒙混
上升,错漏
上扬,灭亡
社会安定,纸老虎
社会公德,可恶
社会秩序,口是心非
神奇,失当
神速,冗员
甚佳,欺瞒
生机盎然,残缺
胜出,歹人
胜选,岌岌
胜者,讨价还价
十佳,惨烈
时不我待,牵连
时髦,鄙视
时尚,斗殴
实力雄厚,自取灭亡
实用新型,吵闹
收涨,庸才
首家,摇摆
受宠,凌乱
受到重视,摆阔
受惠,惨淡
舒缓,强硬
熟练掌握,哑口无言
树新风,犯事
双创,克扣
顺利进行,空虚
顺利实现,虎口
顺利完成,背运
特批,仇外
特有,杂乱无章
特长,以邻为壑
提名奖,末流
提前完成,粗俗
提振,窝点
通俗易懂,乱套
投资收益,错案
透明化,悲叹
团结奋进,烦扰
妥善解决,诱惑
拓宽,欺辱
完全符合,含糊
完全恢复,作假
伟大成就,毒贩
稳步发展,攫取
稳中略升,低头
问好,乞讨
握手,毛糙
无可替代,淤积
无愧于,装相
无论是,潜逃
无穷的,犯忌
喜获,利令智昏
先进典型,非议
显效,奸细
显眼,心虚
显著成绩,摧残
现代化,猖狂
相信,得势
香饽饽,小气
祥和,抢夺
协同效应,惨剧
携手,侮辱
新贵,故步自封
新机遇,严厉
新机制,横祸
新进展,惨景
新浪潮,自高自大
新理念,冷箭
新年快乐,要不得
新篇章,馋嘴
新锐,吵架
新思路,绑架
新体验,催逼
新途径,碍眼
新鲜事,完蛋
兴致勃勃,短路
幸福美好,护短
胸怀,盗墓
胸有成竹,瘠薄
雄姿,利己
秀美,无事生非
绚丽,大放厥词
学雷锋,糊弄
学者,八股
迅猛发展,泛滥
压倒性,网罗
研究成果,悍然
耀眼,目光短浅
业务精,战乱
一统天下,打岔
一席之地,发狂
宜居,劣等
宜居城市,差事
引领者,假公济私
引人关注,践踏
引人瞩目,捉弄
引人注意,受累
赢利,晦气
赢取,糊涂
优良传统,敛财
优秀企业,垂危
友好合作,怨言
有赖于,古怪
有名气,闭门造车
有效途径,老窝
有意思,得寸进尺
有志,悖理
圆满成功,虎狼
源泉,千方百计
远超,骑墙
孕育,朋党
增高,怒不可遏
斩获,入侵
战略思维,逼问
战略意义,废物
长远利益,污蔑
长足进步,趁火打劫
真实有效,多心
振奋人心,贿选
震撼,模糊
只争朝夕,耗费
止跌回升,不择手段
制高点,爬行
炙手可热,虐杀
终极目标,鱼目混珠
重大成果,捏造
重大成就,逼宫
重大进展,窘境
重奖,战火
重振,要挟
重整,开口子
主动权,矮子
主动性,赖子
专业化,暴虐
专业人士,前科
赚点,专横
赚头,死路
准确性,黑市
资源优势,无计可施
走强,祸水
走俏,刚愎自用
最出色,腐朽
最大,高谈阔论
最多,狂言
最高,松散
最好,盗贼
最合适,懒惰
最小,告负
最新进展,蛮横
最早,马虎
遵法,混战
100强,魔王
3A级,冷冰冰
50强,毒辣
AAA级,见风转舵
AAA企业,人云亦云
A级,痞子
TOP,懊悔
熬过,创痛
鳌头,幌子
傲人,任意
傲视,谋杀
拔得头筹,惭愧
把握,粗野
霸主,侵权
白金时代,顾虑
白银时代,一毛不拔
百花齐放,拥挤
百强,是非
摆脱,内耗
扳回一城,被动
包容开放,谎话
保障,扬言
堡垒,把柄
抱团取暖,歧途
暴增,阔绰
爆发式,遇难
爆红,阴冷
备受瞩目,扭捏
倍增,恶人
变稳,噪音
飙红,风浪
飙涨,伤疤
别出心裁,变质
钵满盆溢,串连
勃勃,倒行逆施
博得,吓人
薄利多销,觊觎
补涨,僵尸
不败之地,炮灰
不差钱,杂牌
不怠,过热
不负众望,盗版
不竭源泉,不堪
不拘一格,滋生
不可多得,败露
不可或缺,隐晦
不平凡,挥霍
不缺钱,黑帮
不容小觑,困窘
不畏艰辛,躲藏
不一般,反面
不走弯路,胡来
布局合理,别有用心
步入正轨,敷衍塞责
插上翅膀,败绩
差距缩小,羞愧
产能扩张,独霸
产销两旺,混蛋
长期推荐,逃之夭夭
长青,冷淡
长盛不衰,不闻不问
长治久安,裙带
常青树,狐疑
常抓不懈,杂音
唱多,凶险
唱高,一无所得
超出预期,窒息
超额,圈套
超过,地痞
超预期,哄抢
称霸,惹祸
称号,节节败退
称王,破裂
称雄,胡扯
成本低,纵容
成本降低,退缩
成本锐减,不妙
成本下降,残损
成本优势,酒鬼
成型,动火
成竹,扩张
承上启下,侵略
诚信,飘零
乘胜,理亏
乘势,无稽之谈
冲出,拉下水
宠儿,陈旧
宠幸,覆灭
出路,黯然
初见,惶恐
初具,苦果
传奇,祸首
创记录,气短
创利,鼓动
创奇迹,烦躁
春风拂动,杂乱
春暖花开,视而不见
春天,歇斯底里
蹿升,迟缓
催化剂,哗变
达产,纸醉金迷
达到,霸道
达效,放任自流
打开,横行霸道
打造,麻木
大道至简,屈辱
大放异彩,敌国
大获,败絮
大开发,乱用
大礼,执迷不悟
大力推行,幽灵
大势所趋,违纪
大头,蹩脚
大有,耽误
大制作,畏难
淡季不淡,破陋
到位,苍白
得宠,装门面
登顶,走狗
低成本,反感
低负债,闷棍
低库存,涣散
低损耗,割让
底气十足,媚俗
底气足,纳粹
第二,冲撞
第三,动摇
第一,知法犯法
颠覆,单调
巅峰,回击
点燃,懊恼
顶梁柱,打架
丢掉包袱,歧视
东山再起,藐视
动能,嘲讽
洞察力,花招
洞若观火,雕琢
独大,受气
独当,流弊
独具,好吃懒做
独领,悲观
独善其身,猜忌
独树,僵硬
独享,自以为是
独占,遮丑
多层次,不力
多功能,怒发冲冠
多管齐下,冒进
夺魁,陈词滥调
夺人眼球,解体
遏制,黑暗
翻倍,优柔寡断
翻番,皮囊
翻红,空文
翻两番,贩私
翻三番,奴役
翻身,罪过
翻身仗,倒彩
翻新,衰亡
翻一番,驯化
反哺,驱使
反弹,难过
反响不错,贫穷
反响很好,残酷
反映不错,魔掌
反映很好,翘尾巴
反转,低能
芳心,烦人
放宽,轻举妄动
飞速,添乱
飞跃,视若无睹
费用减少,搅局
费用降低,虎视
分得,一窝蜂
分羹,庸碌
分一杯羹,纸上谈兵
风风火火,流窜
风靡,充数
风头,抢占
风向标,挑剔
风雨同舟,浮躁
风雨无阻,冻害
峰回路转,变卦
负债率低,内讧
复活,惊扰
改造,话柄
赶超,怪罪
敢为人先,求全
高标准,明枪暗箭
高成长,坐享其成
高地,触礁
高端,哄骗
高附加值,拘泥
高绩效,沉溺
高技术,乘人之危
高居,流言
高举高打,繁杂
高踞,简陋
高开高走,松懈
高毛利率,苛政
高明,朝令夕改
高抛低吸,窥探
高品质,厌倦
高潜力,千篇一律
高水平,屠杀
高速,作弊
高位,乌烟瘴气
高效能,亏本
高性价比,告吹
高性能,自诩
高溢价,挟制
高增长,地狱
高涨,噩梦
高质量,黑货
搞好,痴心妄想
告捷,挟持
各有千秋,委婉
给力,心口不一
跟涨,强占
更好,欺软怕硬
更进一步,病态
更快,岔子
更快捷,迷信
更强,坑害
更新换代,黔驴技穷
更有效,包庇
功不可没,行径
攻坚克难,败亡
攻克,嘈杂
供不应求,倾覆
供需平衡,欺生
共度,怪圈
共赢,过分
骨干,翻版
固本强基,舍本逐末
光环,棘手
光鲜,拉拢
广泛,讳疾忌医
规避,歹徒
规范,浑浊
规模化,弄虚作假
规模经济,变味
规模效益,反动
规模应用,粗笨
国际化,显摆
国家级,拆毁
旱涝保收,罢黜
毫不逊色,别扭
好声音,抛头露面
好时机,冤家
号召力,短见
耗能降低,耸人听闻
合规,插手
合力,引诱
合时宜,勒派
核心技术,旗号
核心竞争力,火坑
赫赫有名,各行其是
鹤立鸡群,翻船
黑马,傻子
很大,造谣
很好,仗势欺人
很强,风波
红极一时,含沙射影
红利,禁锢
后劲十足,无孔不入
后劲足,毒手
后来居上,贼心
后市升浪,袒护
厚道,瘫痪
厚积薄发,不依
互补,聚敛
化解,祸事
化危为机,夜郎自大
划算,抓瞎
黄金,骂街
黄金时代,缺损
回补,年老体弱
回笼快,懊丧
回稳,苟合
回涨,困顿
豁免债务,姑息
豁然开朗,分赃
火爆,阿斗
获得,浓艳
获奖,跋扈
获益,愁眉苦脸
积累,贪婪
基石,生气
绩效,骄横
绩优,夸夸其谈
激动人心,妄自菲薄
集思广益,排挤
集约畅通,奉承
技压群雄,武断
加大,顽固
加紧,假惺惺
加快,一意孤行
加速,隐瞒
佳绩,剥削
价升量增,高傲
驾驭,自大
坚持,泼辣
减亏,盘剥
减免,傲慢
减少成本,自暴自弃
减少费用,恭维
减少负债,风骚
减少坏账,自满
减少库存,趾高气扬
减少摩擦,屈从
减少难度,差
减少损耗,半信半疑
减少损失,抱歉
减少支出,杯弓蛇影
减税,悲哀
见底,悲观失望
见光涨,悲天悯人
奖罚分明,悲痛欲绝
奖优惩劣,背包袱
降低成本,鞭挞
降低费用,变心
降低负债,勃然大怒
降低耗能,不甘
降低库存,不寒而栗
降低难度,不好过
降低损耗,不好意思
降低依赖,不容
叫得响,不死心
较高,不屑一顾
较好,不屑于
较强,不以为然
接地气,不愿
接轨,不忠
节电,操心
节节高,诧异
节水,沉痛
节支降耗,沉吟
捷足先登,沉郁
解冻,诚惶诚恐
解封,吃不准
解渴,吃错药
解套,吃后悔药
解围,持异议
金奖,迟疑不决
金牌,踌躇
紧密衔接,踌躇不前
锦上添花,愁
经久不衰,愁肠百结
精雕细琢,愁眉不展
精耕,愁容满面
精简,出气
精进,出神
精益,捶胸顿足
精准,垂怜
井喷,错愕
景气,打入冷宫
竞争力,打问号
救赎,大吃一惊
居安思危,大跌眼镜
居前,大动肝火
巨头,大发雷霆
具有,大惊失色
聚宝盆,大骂
掘金,大失所望
开花,呆
开局,担惊受怕
开源节流,胆颤心惊
开闸,胆战心惊
看得见,当头棒喝
看多,等不及
看高,等闲视之
看好,掉以轻心
看涨,多虑
亢奋,扼腕
抗跌,发呆
抗衡,发狠
靠前,发火
科学,发毛
可持续,发脾气
可控,发作
可圈可点,发怵
克服困难,发愣
苦尽甘来,发飙
库存降低,烦愁
快,烦厌
快刀斩乱麻,烦忧
快马,反唇相讥
快中保好,犯难
快周转,非常悲哀
宽松,费神
扩建,忿忿
扩容,忿忿不平
扩张,忿怒
拉动,愤愤
拉高,愤愤不平
拉涨,愤愤然
捞金,愤恨
老大,愤怒
老牌,愤世嫉俗
老字号,愤懑
里程碑,负气
历久弥新,骨鲠在喉
历史性,顾忌
立竿见影,顾虑重重
立足,过不去
利得,过意不去
利好,害臊
利器,恨之入骨
利润增加,红脸
连翻,红眼
连续盈利,后顾之忧
连阳,后悔莫及
连涨,后怕
良品,怀恨在心
两连冠,慌恐
亮点,惶惶不安
亮相,惶惶不可终日
量价齐升,惶惶然
量利双升,惶恐不安
量利同增,灰溜溜
量质齐升,灰头土脸
领导力,灰心丧气
领航,悔不当初
领军,悔恨
领舞,悔之晚矣
领袖,魂不附体
领涨,魂飞魄散
龙虎榜,火急火燎
龙头,火冒三丈
露了把脸,饥不择食
露了一把脸,激愤
露了一手,急死
屡试不爽,急眼
洛阳纸贵,忌惮
落袋为安,将信将疑
落后落实,焦急
满产满销,焦心
猛增,焦灼
猛涨,教训
蜜月期,叫苦
免于,叫苦不迭
免遭,叫苦连天
名震,介怀
明了,介意
内培外引,进退两难
内外兼修,进退维谷
囊括,惊诧
能力,惊呆
能征善战,惊惧
逆境而为,惊异
逆市,惊悚
逆势,惊愕
逆袭,揪心
逆转,惧怕
涅槃重生,眷顾
牛,看扁
扭亏,看不惯
扭转,看不起
暖风,看不上
偶像,看不上眼
排忧解难,看不顺眼
攀升,看淡
盘活,看低
庞大,可怜
跑马圈地,可惜
跑赢,口诛笔伐
盆满钵满,哭笑不得
飘红,狂怒
品牌,愧对
品质,困迫
评先树优,拉不下脸
颇具,拉下脸
颇丰,懒得
破冰,劳神
破釜沉舟,怜悯
破解,怜惜
破旧立新,脸红脖子粗
铺路,两难
铺设,亮红灯
普及,乱
齐驱并进,骂
齐头并进,满不在乎
齐抓共管,毛骨悚然
齐心协力,没意思
旗鼓相当,闷闷不乐
企稳,面面相觑
起跳,面如土色
起舞,面无人色
前100,面有难色
前50,民怨沸腾
前茅,鸣不平
前三,抹不开
前十,漠然视之
前途,难为情
前行,恼羞成怒
前瞻,闹脾气
钱景,捏把汗
潜力,捏一把汗
强国,怒斥
强悍,怒火中烧
强力,怒骂
强烈推荐,怒气冲冲
强流动性,怒气冲天
强强,拍案而起
强人,徘徊
强势,抨击
强心剂,批斗
抢筹,评头论足
抢先,评头品足
抢眼,破口大骂
巧避,迫不及待
巧躲,戚戚
亲民,骑虎难下
青睐,起疑心
青史留名,气不过
驱动,气冲冲
取得,气愤
去库存,气头上
去除,迁怒
全套,瞧不起
群贤毕至,瞧不上眼
惹眼,清算
热点,饶恕
热捧,人身攻击
热土,忍让
人才辈出,如鲠在喉
人才荟萃,撒气
人才济济,三心二意
人尽其才,丧志
认同,扫兴
日渐成熟,杀气
日臻完善,傻眼
融合,伤悲
如沐春风,伤怀
入围,伤神
入驻,深恶痛绝
三甲,生恐
三连冠,生怕
善加利用,生疑
善谋思进,失节
上榜,势成骑虎
上调,首鼠两端
上攻,受窘
上位,数落
蛇吞象,数说
深耕细作,酸楚
深入人心,酸溜溜
神话,提心吊胆
审时度势,啼笑皆非
升级,天怒人怨
升高,挑刺儿
升温,挑毛病
生命张力,痛不欲生
盛行,痛斥
失而复得,痛恶
十强,痛骂
实至名归,痛惜
拾遗补缺,痛心
矢志不渝,痛心疾首
世界纪录,颓靡
势头迅猛,颓然
势在必行,颓唐
拭目以待,挖苦
适销对路,玩世不恭
收放自如,惋惜
收红,万念俱灰
收入囊中,望而生畏
收入增长,唯恐
收益,惟恐
首款,为难
首选,委靡
受期待,委屈
售罄,畏惧
曙光,窝火
刷新,窝心
双轮驱动,无地自容
双喜临门,无所谓
双升,无心
水到渠成,无意
顺差,下不了台
顺风,向隅而泣
顺境,小看
顺势而为,小瞧
顺应形势,小视
四连冠,泄劲
硕果累累,泄气
塑造者,心灰意冷
损耗低,心急
缩小差距,心急火燎
饕餮大餐,心急如焚
提炼,心焦
提速,心焦如焚
提质降耗,心惊胆颤
添彩,心惊肉跳
填补,心情沉重
跳出逆境,心如刀绞
贴金,心酸
挺过来,心碎
挺直腰杆,心疼
统领,心痛
统筹,心有余悸
头啖汤,羞怯
突变,羞涩
突围,羞赧
推升,虚惊
蜕变,悬心
托市,训斥
脱困,训诫
脱离,一怒之下
脱胎换骨,一气之下
脱颖而出,疑惑
挖潜增效,疑忌
挖掘,疑神疑鬼
弯道超车,义愤填膺
万灵丹,忧惧
万象更新,忧伤
王道,忧心如焚
王者,忧心忡忡
旺季,忧郁
未雨绸缪,犹疑
位列,游移
稳居,有愧
稳中求变,郁郁寡欢
稳扎稳打,欲哭无泪
稳中求进,怨声载道
稳中有进,糟心
稳中有升,责骂
稳中有为,憎恶
稳坐,憎恨
无愧,咋舌
无虞,瞻前顾后
五连冠,战战兢兢
物超所值,找茬
物价趋稳,找碴儿
物美价廉,震惊
吸金,震怒
吸纳,指摘
稀缺,置疑
喜从天降,置于脑后
喜剧,置之不顾
细腻周到,置之度外
先导性,置之脑后
先抑后扬,追悔莫及
先浴火后重生,着急
咸鱼翻身,自怨自艾
先知先觉,自责
显露锋芒,左右两难
相得益彰,左右为难
翔实,嗤之以鼻
响应,嘀咕
向好,彷徨
向暖,怅然
向心力,怏怏
像样,悻悻
削减成本,惘然若失
削减库存,愕然
削减支出,瞠目结舌
效率高,踟躇
效益,踟蹰
笑傲,踟蹰不前
协同,黯然神伤
笑逐颜开,安全事故
卸下包袱,案发后
心无旁骛,案件
新常态,暗箱
新宠,熬
新飞跃,罢工
新高,罢免
新技术,罢休
新纪元,败下阵来
新晋,办案
新局面,半停产
新跨越,宝万之争
新里程,保护主义
新历史,保守主义
新能效,报案
新起点,暴涨暴跌
新水平,被捕
新台阶,被盗
新鲜感,被迫
新形象,被窃
新增,被淹
兴奋点,本不应
兴利去弊,崩跌
兴起,崩塌
性价比高,逼
雄心勃勃,比较严重
需求旺盛,避税
炫目,边缘化
靴子落地,变数
循序渐进,变相涨价
迅捷有力,濒临破产
延伸,冰冻三尺
演进,病急乱投医
扬长避短,波及
扬帆起航,驳斥
扬升,不畅
阳刚之气,不法分子
阳光,不服
养眼,不负责任
阳线,不过关
摇钱树,不好
一飞冲天,不划算
一举,不佳
一马当先,不尽合理
一炮打响,不尽人意
一炮而红,不堪重负
一骑绝尘,不可避免
一统江山,不可告人
一线,不可逆转
一枝独秀,不了了之
一专多能,不利于
屹立不倒,不良贷款
异军突起,不良后果
意义,不良影响
溢价,不买账
引爆,不明朗
引擎,不明确
引人注目,不明确的
应变,不明智
应付自如,不能偿还
英明威武,不能解决的
迎来,不能容忍
迎难而上,不如意
盈利,不慎
盈余,不实
赢家,不速之客
影响力,不稳
影响深远,不稳固
优胜劣汰,不许
由亏变盈,不正之风
由熊转牛,财产损失
有保障,财政赤字
有底气,财政负担
有风骨,财政危机
有价值,踩踏
有见地,苍蝇
有进有退,藏匿
有收有放,操作失误
有所缓和,草木皆兵
有所斩获,查封
有希望,查获
有信心,超标
有序,超负荷
有增无减,炒鱿鱼
有质量,炒作
有作为,车祸
又添助力,撤职
浴火重生,沉重打击
与时俱进,成本高
预喜,惩处
预盈,惩治
预增,吃紧
誉为,吃力
原创,出现异常
原料降价,处罚金
跃上,处分
跃升,触犯刑律
再创,传染病
再获,传销
再添,串谋
再续,春荒
增补,纯属
择机,辞退
增持,从中渔利
增多,措手不及
增发,错杀
增幅,错综复杂
增厚,打击报复
增加,大崩盘
增量,大打折扣
增势,大跌
增收,大起大落
增速,大跳水
增添,呆坏账
增效,呆帐损失
扎扎实实,待业
摘帽,弹劾
摘入囊中,倒卖
摘星,倒退
崭露头角,到案
占据,盗伐
占领,盗取
站稳脚跟,盗刷
彰显,道德风险
涨幅,低收入
涨势,低效
涨停,低效率
掌控,抵挡
掌握,抵债
真抓实干,吊销
招牌,动荡不安
征程,短板
整顿,断章取义
整合,对簿公堂
整治,多米诺
正本清源,恶行
正当其时,恶劣影响
正当时,恶性事件
正果,遏抑
正能量,遏止
正现金流,发展缓慢
正相关,乏力
正向,反华
政策补贴,犯罪案件
政策红包,犯罪分子
政策红利,犯罪行为
政府补贴,犯罪事实
支撑,非法经营
支出减少,非法所得
支柱,非理性
知己知彼,非一日之寒
值得,非正规
止跌反弹,分配不公
止跌回稳,愤慨
止跌企稳,风风雨雨
咫尺之遥,封存
指明,敷衍了事
指日可待,浮亏
质优,腐败问题
中标,腐败现象
中国特色,负担过重
中心地位,负面效应
众人拾柴火焰高,负面影响
重点,负伤
重获,高开低走
重现,告罄
重生,搁置
周转快,革职
主导,隔靴搔痒
主动,个人主义
主流,各自为政
主轴,更不应
助推器,更为严重
助力,工作失误
注入,公车私用
抓住,供需矛盾
专利,勾销
转负为正,谷底
转好,骨折
转危为安,关停
转暖,官僚作风
转型升级,管理混乱
转正,过低
转中求快,过多
赚大钱,过高
追捧,过街老鼠
追涨,过紧
卓有,过剩
资金充裕,过松
滋润,过早
自成一色,行贿罪
自给自足,行政处罚
自力更生,好处费
自律,好景不长
走出低谷,合同纠纷
走出困境,合同诈骗
走牛,黑天鹅
走高,黑箱操作
最具价值,很惨
最前端,很傻
最权威,洪水猛兽
最受,后遗症
最喜爱,忽高忽低
最优,忽冷忽热
最新,滑铁卢
坐享,坏消息
做大,环境污染
做精,荒漠化
做精做细,火上浇油
做强,火灾
做优,积压
,极端主义
,极右
,亟待解决
,急跌
,急功近利
,急难险重
,急需解决
,急于
,急于求成
,挤兑
,挤税
,纪律处分
,技术落后
,假发票
,减薪
,减盈
,减员
,贱卖
,降评
,胶着
,胶着状态
,叫停
,较差
,节节下挫
,金融风暴
,紧箍咒
,紧缺
,经济犯罪
,经济衰退
,经济损失
,经济危机
,经济制裁
,经验不足
,经营不善
,净亏损
,旧贷
,拘泥于
,举报
,举报信
,巨大损失
,巨腐
,巨亏
,巨震
,剧震
,绝地
,开除党籍
,开除公职
,开庭审理
,堪忧
,空袭
,恐怖袭击
,恐怖主义
,恐慌性
,恐袭
,扣分
,困局
,困难重重
,来源不明
,懒政怠政
,滥用职权
,狼来了
,老大难
,老赖
,利益冲突
,利益输送
,良莠不齐
,劣币
,零增长
,令人担心
,令人担忧
,流产
,流血
,漏报
,乱花钱
,乱了阵脚
,乱收费
,乱摊派
,乱象
,沦为
,落败
,落差
,落寞
,屡禁不止
,卖不出去
,瞒报
,慢性病
,盲目乐观
,矛盾激化
,贸易赤字
,没门
,灭顶之灾
,明令禁止
,抹黑
,牟取暴利
,谋取私利
,木马
,木马病毒
,难熬
,内外勾结
,泥牛入海
,泥潭
,年久失修
,挪用公款
,挪用资金
,挪作他用
,排污
,攀比
,盘亏
,判处死刑
,泡沫经济
,批捕
,批准逮捕
,偏紧
,偏慢
,偏远
,骗钱
,骗税
,拼爹
,贫富不均
,扑朔迷离
,齐跌
,企业破产
,千疮百孔
,钱荒
,欠佳
,欠息
,欠下
,欠债
,欠租
,强行
,强买强卖
,侵权行为
,倾家荡产
,清偿债务
,清缴
,圈钱
,权宜之计
,认输
,日趋严重
,日益加剧
,日益严重
,入狱
,锐减
,丧生
,杀鸡取卵
,沙尘暴
,沙化
,上诉
,奢侈浪费
,设备陈旧
,涉税案
,涉嫌犯罪
,身亡
,深表歉意
,深受其害
,审美疲劳
,失衡
,失联
,失实
,十分艰巨
,十年怕井绳
,时断时续
,使用不当
,市场疲软
,收窄
,手头紧
,受到冲击
,受到牵连
,受到限制
,受困
,受伤
,受损
,受限
,受压
,受淹
,受约束
,受制于人
,疏漏
,疏落
,输大市
,输家
,衰退期
,摔倒
,水深火热
,水土流失
,硕鼠
,私分
,死而不僵
,死水一潭
,死滞
,损及
,缩窄
,所剩无几
,贪污腐败
,贪污受贿
,贪污罪
,跳票
,停摆
,停产
,停车难
,停电
,停机
,停业整顿
,停运
,停职检查
,停滞不前
,通报批评
,通缉
,通同作弊
,痛点
,偷漏税
,投案自首
,突然袭击
,徒刑
,土壤污染
,推卸
,退潮
,吞噬
,拖慢
,拖欠工资
,拖下水
,脱缰野马
,脱节
,妥协
,外泄
,挽救
,万万不能
,网络攻击
,忘乎所以
,危险品
,微跌
,违法违纪
,违规操作
,违规行为
,违纪行为
,违建
,违约金
,违章
,违章建筑
,萎缩
,未经许可
,污染环境
,无处藏身
,无端
,无故
,无利可图
,无期徒刑
,无情
,无情地
,误读
,误以为
,洗钱
,下挫
,下行
,下滑
,下落
,下台
,陷入
,陷于
,相悖
,逍遥法外
,消极态度
,消减
,泄漏
,心存侥幸
,心理压力
,信任危机
,信心危机
,刑事案件
,刑事犯罪
,刑事责任
,形同虚设
,性骚扰
,熊市
,袖手旁观
,虚列
,需注意
,宣告破产
,悬而未决
,雪崩
,血洗
,寻租
,逊于
,压单
,压减
,压紧
,严峻
,严峻考验
,严重不足
,严重后果
,严重困难
,严重破坏
,严重损失
,严重威胁
,言犹在耳
,雁过拔毛
,殃及
,殃及池鱼
,扬尘
,羊群
,腰缠万贯
,侥幸
,侥幸心理
,一筹莫展
,一哄而散
,一落千丈
,一穷二白
,一事无成
,一潭死水
,一拖再拖
,一厢情愿
,依法取缔
,依法严惩
,移送
,疑点
,以讹传讹
,以权谋私
,异动
,意外事件
,因涉嫌
,饮鸩止渴
,有禁不止
,有苦
,有令不行
,有期徒刑
,有损于
,有违
,鱼龙混杂
,预亏
,预算赤字
,越位
,越陷越深
,在押
,暂停状态
,责令
,诈骗案
,摘牌
,债款
,债台高筑
,折戟
,政治危机
,职务犯罪
,指手划脚
,制裁
,致死
,滞销产品
,滞涨
,滞胀
,中饱私囊
,中毒
,众说不一
,众说纷纭
,重大损失
,重重困难
,骤变
,助跌
,注水
,注销
,抓获归案
,抓狂
,转弱
,状况不佳
,追偿
,追责
,捉襟见肘
,资不抵债
,资金不足
,资金短缺
,资金占用
,自认倒霉
,走软
,走弱
,最差
,最坏
,最慢
,最穷
,最弱
,最糟
,罪魁祸首
,作案
,作祟
,坐视
,坐以待毙
,做秀
,做假
,做坏
,坐卧不安
,坐立不安
,作孽
,醉醺醺
,醉汉
,最小限度
,最恨
,钻牛角尖
,阻拦
,走着瞧
,走下坡
,走私
,走失
,走人
,自作主张
,自作多情
,自作聪明
,自怨
,自相矛盾
,自相残杀
,自危
,自食恶果
,失业者
,失血
,失序
,失手
,失色
,失却
,失去光泽
,失明
,失眠
,失密
,失落
,失恋
,失礼
,失魂落魄
,失掉
,失措
,尸体
,声名狼藉
,生厌
,生锈
,生疏
,生病
,生变
,渗透活动
,渗透
,渗漏
,神经质
,神经过敏
,神经病
,深渊
,深仇大恨
,呻吟
,申诉
,设圈套
,设伏
,烧伤
,烧焦
,烧毁
,烧坏
,尚未
,上瘾
,上吊
,伤元气
,伤心事
,伤人
,伤口
,伤感情
,伤感
,伤风
,伤残
,擅离
,善变
,善罢干休
,潸然泪下
,煽动者
,删除
,煞风景
,煞车
,傻事
,杀死
,杀人
,色欲
,散落
,三流
,三八
,撒旦
,弱小
,入迷
,蠕动
,肉麻
,认命
,忍气吞声
,忍耐
,人心惶惶
,人人自危
,惹怒
,绕圈子
,群魔乱舞
,缺席者
,缺乏自信
,劝告
,犬儒主义
,拳打脚踢
,拳打
,全无
,去死吧
,去世
,驱散
,求助
,求情
,求救
,囚禁
,穷困
,穷境
,穷光蛋
,情急
,清寒
,倾卸
,倾斜
,倾销
,倾倒
,侵略者
,窃听
,切断
,撬起
,撬动
,巧取
,憔悴
,敲打
,抢走
,强要
,强压
,强烈抗议
,强奸
,强夺
,强打
,强词夺理
,强暴
,枪声
,枪毙
,欠钱
,潜入
,潜行
,潜伏
,潜藏
,钳制
,气死人
,气死
,气急
,气得
,起诉状
,起诉人
,起纠纷
,乞丐
,崎岖不平
,崎岖
,扑灭
,破铜烂铁
,破碎
,破门
,破口
,破坏性
,破洞
,破掉
,迫不得已
,泼冷水
,品行不端
,拼命
,漂泊者
,漂泊
,骗人
,脾气
,疲累
,疲劳
,疲倦
,疲乏
,疲惫
,批驳
,碰运气
,碰伤
,碰击
,砰然
,喷溅
,喷出
,炮轰
,叛逆
,判刑
,拍马屁
,怕死
,呕吐
,呕气
,怒气
,怒火
,奴隶
,扭伤
,扭打
,牛头不对马嘴
,凝重
,宁愿
,宁可
,碾碎
,撵走
,逆着
,逆行
,泥泞
,泥坑
,内斗
,闹僵
,闹哄哄
,闹革命
,闹翻
,闹大
,闹别扭
,难以捉摸
,难以置信的
,难以置信
,难以相信
,难以
,难信
,难事
,难耐
,难民
,难解
,难接近
,难驾驭
,难点
,难办
,奈何
,默默
,漠然
,莫能
,莫明
,莫名其妙
,莫名
,陌生
,魔女
,摩擦
,模棱两可
,模糊的
,模糊不清
,摸不清
,灭绝
,渺茫
,免谈
,秘密
,迷住
,迷乱
,迷路
,迷恋
,弥漫
,梦魇
,猛撞
,猛推
,猛然
,猛击
,猛攻
,猛地
,猛冲
,蒙冤
,蒙羞
,闷死
,闷热
,门外汉
,没种
,没有防备
,没想到
,没想
,没完没了
,没受
,没事
,没能
,没救
,没劲
,没脚
,没关系
,没法子
,没法儿
,没法
,没得说
,没得
,没道理
,没出息
,没把握
,冒昧
,茫然
,盲信
,慢性
,慢吞吞
,慢的
,漫不经心
,蔓延
,蔓生
,满腹牢骚
,满腹
,埋葬
,埋伏
,骂人
,马屁
,麻醉
,落选
,落泪
,落荒而逃
,罗网
,乱说话
,乱砍
,乱吼
,乱哄哄
,乱搞
,乱盖
,乱丢垃圾
,漏损
,漏电
,漏出
,六神无主
,六亲不认
,流眼泪
,流亡
,流逝
,流泪
,流浪者
,流浪汉
,流浪
,流行病
,流放
,令人窒息
,令人厌恶
,令人烦恼
,凌迟
,吝啬鬼
,临死
,临时地
,裂隙
,裂口
,裂开
,裂痕
,裂缝
,劣马
,劣根性
,劣根
,缭乱
,利己主义
,厉声
,力尽
,离乡背井
,离乡
,离群
,离婚
,冷战
,冷眼旁观
,冷血
,冷笑
,冷落
,冷峻
,冷静下来
,冷静
,冷汗
,泪珠
,泪流满面
,勒死
,老油条
,老死
,老谋深算
,浪费时间
,狼吞虎咽
,狼藉
,滥砍
,滥捕
,烂货
,烂掉
,懒人
,拉紧
,垃圾场
,困在
,困死
,困乏
,捆住
,溃疡
,亏死
,亏缺
,狂热者
,狂热的
,狂热
,狂乱
,狂风
,狂放
,狂奔
,苦心
,苦味
,苦事
,苦脸
,苦工
,苦干
,哭诉
,哭泣
,枯萎
,扣住
,口渴
,口角
,口吃
,恐怖行动
,恐布
,克星
,可笑
,可望
,可叹
,可容忍
,可忍受
,可怕
,可悲
,烤焦
,拷问
,砍头
,砍伤
,砍断
,砍掉
,堪虑
,慨叹
,开小差
,开枪
,倔强
,绝不
,卷入
,剧痛
,剧烈
,拒受
,拒绝接受
,巨澜
,局限
,局促
,居然
,拘留所
,旧病复发
,旧病
,竟然
,竟敢
,痉挛
,精神分裂
,精疲力尽
,精疲力竭
,惊醒
,惊险
,惊觉
,惊叫
,惊惶失措
,惊呼
,经不起
,禁制
,禁欲
,禁忌
,浸没
,紧张不安
,紧迫
,紧拉
,紧急状况
,紧急事件
,筋疲力尽
,戒惧
,结结巴巴
,结巴
,劫掠
,嗟叹
,揭穿
,较量
,较劲
,较坏
,叫屈
,叫喊声
,叫喊
,脚踢
,绞死
,焦燥
,交战
,降低
,僵直
,僵持不下
,渐失
,健忘
,见死不救
,减小
,减缩
,减少
,减弱
,减去
,减低
,监狱
,艰苦
,艰巨
,歼灭
,尖锐
,尖叫
,假托
,假货
,假扮
,家破人亡
,加害
,寂寞
,妓女
,忌讳
,计较
,藉口
,急切
,急忙
,急流
,急拉
,急急忙忙
,急扯
,极小
,极坏
,极恶
,极端
,极度地
,激战
,激烈的
,激烈
,激进分子
,激进
,畸型
,饥饿
,击中
,击退
,击溃
,击败
,祸延
,活该
,混杂
,混球
,昏昏欲睡
,讳言
,毁灭性
,毁掉
,回绝
,挥泪
,恍惚
,慌忙
,慌慌张张
,荒年
,荒地
,患者
,患得患失
,患病的
,患病
,坏心
,坏脾气
,坏孩子
,坏掉
,怀疑论
,怀敌意的
,化脓
,滑稽剧
,滑稽
,划破
,互撞
,胡思
,胡说八道
,胡搞
,吼叫
,洪水
,洪流
,轰炸
,轰鸣
,轰击
,横着
,横过
,横渡
,横刀夺爱
,横穿
,横冲直撞
,横冲
,狠命
,狠狠
,很烂
,何苦来哉
,何苦
,何必
,好自为之
,好战
,好斗
,毫无办法
,毫无
,行为不检
,行为不端
,行窃
,行刺
,寒颤
,含泪
,含混的
,含糊的
,害人精
,害人
,害虫
,海洛因
,孩子气
,哈欠
,过世
,过少
,过强
,过量
,过节
,过份
,过得去
,过饱
,滚蛋
,鬼子
,诡异
,诡计多端
,归咎
,冠冕堂皇
,关在
,怪异
,怪胎
,怪人
,怪诞
,刮走
,刮掉
,瓜田李下
,瓜分
,故意
,故态复萌
,孤僻
,孤寂
,孤行
,孤儿
,孤单
,狗眼
,攻占
,攻击者
,攻击性
,功利主义
,功败垂成
,公愤
,工作过度
,更坏
,梗塞
,哽咽
,根绝
,隔离
,隔开
,隔绝
,割下
,割伤
,割破
,割断
,搁下
,告诫
,搞小动作
,搞乱
,搞不懂
,高压
,高价
,高不成低不就
,高不成
,杠上
,干戈
,感染
,感冒
,感到遗憾
,感到痛苦
,赶走
,赶尽杀绝
,该罚
,复杂性
,复发
,复仇
,负荷
,腐蚀性
,腐坏
,辐射
,浮动
,俘虏
,伏击
,伏兵
,否决权
,疯子
,疯癫
,风凉话
,风凉
,风吹
,风暴
,愤然
,愤而
,粉碎
,坟墓
,分歧
,分裂
,费心
,废墟
,肥肉
,非正式
,飞溅
,放低
,仿制品
,犯罪者
,反作用
,反胃
,反叛
,反悔
,反覆无常
,反覆
,反复
,反讽
,反动派
,反弹
,反冲
,翻腾
,翻滚
,翻倒
,乏善可陈
,乏善
,乏人问津
,乏人
,发炎
,发泄
,发软
,发麻
,发酒疯
,发抖
,发动
,发臭
,二百五
,遏制
,饿死
,恶作剧
,恶质
,恶兆
,恶运
,恶言相向
,恶言
,恶性肿瘤
,恶性
,恶事
,恶势力
,恶梦
,恶搞
,恶毒的
,扼制
,扼死
,躲开
,躲避
,敦促
,对峙
,对证
,对头
,对手
,对立面
,对付
,对不起
,断然拒绝
,断裂
,断开
,断掉
,短少
,赌注
,赌运气
,独断的
,独裁者
,毒液
,毒药
,毒气
,斗不过
,陡然
,冻伤
,动武
,动手
,动粗
,动不动
,东西
,丢弃
,丢掉
,铤而走险
,喋喋不休
,跌价
,电击
,颠倒
,颠簸
,地震
,地雷
,抵消
,抵抗
,敌军
,低姿态
,低水平
,低声
,低等
,等着瞧
,得罪人
,得不到
,道歉
,道德败坏
,倒置
,倒下
,倒坍
,倒不如
,捣蛋鬼
,刀刃
,当不了
,但愿
,胆大
,担负
,代罪羔羊
,代价
,大意
,大屠杀
,大失
,大伤
,大怒
,大闹
,大乱
,大浪
,大惊小怪
,大惊
,大叫
,大惑不解
,大吼
,大胆
,大错
,大悲
,大败
,打仗
,打压
,打退堂鼓
,打死
,打人
,打破
,打乱
,打烂
,打击
,打哈欠
,打滚
,打耳光
,打断
,打赌
,打倒
,打颤
,打抱不平
,错综
,错觉
,摧毁
,催促
,窜改
,粗制
,粗糙地
,从中作梗
,匆忙
,匆匆忙忙
,刺探
,刺伤
,刺客
,刺激物
,刺骨
,次要
,次级
,辞呈
,垂下
,垂头
,吹牛皮
,传染性
,传染
,触及
,处置
,除害
,除掉
,出没
,出乎意料地
,出乎意料
,出乎
,出错
,臭味
,臭气
,臭虫
,丑陋的
,愁容
,愁眉
,抽筋
,抽打
,抽搐
,宠坏
,虫子
,充血
,充公
,冲压机
,冲蚀
,冲口
,冲击波
,冲出
,赤字
,赤裸裸
,痴人说梦
,吃惊
,逞威
,逞强
,承受不住
,承受
,成问题
,成空
,沉陷
,沉默
,沉寂
,撤退
,吵闹声
,吵到
,吵吵闹闹
,唱衰
,唱反调
,颤抖
,颤动
,铲除
,缠绕
,缠结
,搀杂
,拆桥
,差异
,差强人意
,差的
,查禁
,插嘴
,草率从事
,嘈杂声
,藏刀
,惨绿
,惨不忍睹
,残疾者
,残疾
,残骸
,菜鸟
,擦伤
,擦痕
,不足为奇
,不足取
,不足额
,不自在
,不注意的
,不注意
,不住
,不周到的
,不周到
,不置可否
,不智
,不值钱的
,不值钱
,不值
,不知所云
,不知所措
,不知去向
,不知道的
,不知不觉
,不知
,不正的
,不正
,不长进
,不彰
,不在意
,不在乎
,不愿意的
,不予置评
,不予
,不易
,不义
,不以
,不宜
,不一致
,不要命
,不要脸
,不严密
,不雅观
,不寻常的
,不休
,不信
,不像话
,不像
,不务正业
,不畏
,不完全的
,不完全
,不完美的
,不听话
,不体面
,不熟悉的
,不受
,不守
,不适
,不实在的
,不识
,不省人事
,不省
,不如人意
,不如
,不确定的
,不确
,不情愿的
,不情愿
,不清楚的
,不清
,不恰当地
,不起眼
,不起
,不平坦
,不平常的
,不宁
,不能医治
,不能的
,不能
,不耐烦
,不耐
,不明不白
,不明
,不眠
,不美
,不伦不类
,不流行的
,不留心
,不理会
,不理
,不礼貌
,不了
,不劳
,不肯
,不可预知的
,不可思议的
,不可思议
,不可收拾
,不可能的
,不可理喻
,不可讳言
,不可否认
,不可
,不惧
,不经
,不近人情
,不近情理
,不近
,不洁
,不觉
,不讲道理
,不见
,不检
,不加
,不羁
,不欢而散
,不怀好意
,不怀
,不合宜
,不合逻辑
,不合规定
,不合标准
,不合
,不规则
,不管怎样
,不管三七二十一
,不管
,不顾一切
,不够
,不高
,不敢苟同
,不甘示弱
,不甘寂寞
,不忿
,不对头
,不对劲
,不端
,不懂事
,不定的
,不定
,不得已
,不得要领
,不得人心
,不大
,不纯
,不耻
,不成比例
,不参加
,不必要
,不安宁
,跛足
,跛行
,剥落
,病弱
,病人
,病菌
,病根
,别离
,憋着
,憋死
,辩驳
,变污
,变深
,变旧
,变幻无常
,变幻
,变黑
,变淡
,变丑
,变暗
,鞭子
,鞭打
,避债
,避免
,避开
,避讳
,必死无疑
,匕首
,逼走
,逼退
,逼死
,逼视
,逼使
,逼上梁山
,逼人
,逼近
,逼不得已
,绷紧
,笨猪
,被遗弃
,被骗
,被控
,被害
,背信
,背叛者
,悲情
,悲观主义
,悲愤
,悲惨
,爆炸物
,爆炸
,爆破
,爆发
,暴雨
,暴风雨
,暴风
,暴动
,报忧
,报应
,报仇
,包围
,绊倒
,败家子
,败德
,摆脱
,白日梦
,白吃
,罢市
,罢了
,罢课
,疤痕
,巴掌
,凹陷
,暗中
,暗示
,暗讽
,暗地
,安慰
,安然无恙
,安静下来
,安抚
,碍手碍脚
,爱莫能助
,爱面子
,爱管闲事
,癌症
,挨饿
,挨打
,唉呀
,唉声叹气
,哀怨
,哀叹
,哀伤
,哀悼
,哀鸿遍野
,安全问题
,安全隐患
,案发
,暗潮汹涌
,暗伏
,暗箱操作
,暗自神伤
,八字还没一撇
,白热化
,百密一疏
,败象
,半停工
,棒杀
,饱和
,保护主义抬头
,保壳失败
,保留意见
,爆仓
,杯水车薪
,悲催
,悲壮
,被带走
,被否
,被免
,被曝
,被取消
,被淘汰
,被指
,笨象
,逼入
,闭关
,壁垒
,避之不及
,变差
,变卖
,变阵
,濒临
,冰冻期
,冰火两重天
,波动
,搏杀
,补跌
,不被看好
,不策
,不成熟
,不成正比
,不敌
,不发达
,不给力
,不归路
,不规范
,不过硬
,不火
,不见起色
,不健全
,不尽
,不均
,不看好
,不靠谱
,不牢
,不乐观
,不理想
,不理性
,不领情
,不明显
,不能适应
,不前
,不强
,不求进取
,不全
,不容乐观
,不上心
,不甚
,不受待见
,不思进取
,不统一
,不突出
,不旺
,不显著
,不现实
,不消化
,不严
,不友好
,不再
,不增反降
,不占优势
,不争气
,不正常
,不着边际
,不作为
,步履维艰
,擦肩而过
,财务困难
,踩雷
,参差不齐
,仓促
,查扣
,差距
,差评
,差于
,拆穿
,缠身
,产量降低
,产能过剩
,产能降低
,产能限制
,偿债压力
,唱空
,超跌
,超支
,成本上升
,成本增加
,成交乏力
,成交骤减
,程度低
,冲高回落
,丑行
,出具保留意见
,出师不利
,出走
,除名
,穿包
,次质量
,从紧
,粗放
,猝不及防
,存疑
,存在问题
,错报
,达不到
,打补丁
,打折扣
,大兵压境
,大倒槽水
,大降
,大伤元气
,大势已去
,大洗牌
,带强调事项段
,殆尽
,戴帽
,戴星
,单打独斗
,单一
,淡出
,淡季
,荡然无存
,倒春寒
,倒挂
,得而复失
,低端
,低附加值
,低估
,低开工率
,低流动性
,低门槛
,低靡
,低品质
,低速
,低位
,低效益
,低性价比
,低于目标
,低于预期
,低质
,低走
,抵押
,垫底
,吊诡
,调低
,调减
,调戏
,跌出
,跌跌不休
,跌幅
,跌回
,跌破
,跌入
,跌势
,跌停
,跌无止境
,钉子户
,定时炸弹
,冬季
,冬眠
,冬天
,冻结
,毒瘤
,堵死
,短斤少两
,兑付不足
,兑付困难
,兑付危机
,多变
,多事之秋
,恶炒
,发难
,繁多
,繁重
,反水
,放缓
,放慢
,飞不动
,非标意见
,非标准意见
,废话
,废旧
,费用高
,费用率上升
,费用上升
,费用增加
,分道扬镳
,分手
,分文不剩
,粉饰
,风光不复
,风光不再
,风口浪尖
,风声鹤唳
,风雨飘摇
,封杀
,否定意见
,负能量
,负现金流
,负增长
,负债高企
,负债累累
,负债率高
,负债上升
,负债增加
,负值
,负重
,附加值低
,腹背受敌
,干枯
,肝颤
,刚性
,高成本
,高费用
,高负荷
,高负债
,高估
,高库存
,高门槛
,高损耗
,高位波动
,高位回落
,高消耗
,告警
,告终
,隔行如隔山
,跟不上
,跟风
,更别谈
,供大于求
,供过于求
,固守陈规
,故伎重演
,顾此失彼
,痼疾
,怪相
,关联交易
,观望
,官司
,过大
,过快
,过冷
,过慢
,过猛
,过于
,海啸
,寒冬
,寒气逼人
,寒意
,喊停
,毫无悔意
,黑榜
,很差
,很坏
,很难
,很缺钱
,很一般
,红线
,后劲不足
,后知后觉
,忽悠
,虎视眈眈
,花瓶
,哗然
,滑落
,画饼充饥
,坏账上升
,坏账增加
,缓慢
,幻想
,患疾
,灰色地带
,灰色交易
,回潮
,回笼慢
,回落
,会计差错更正
,讳莫如深
,火药味
,获利微小
,祸不单行
,饥渴
,鸡飞蛋打
,积弱难返
,积重难返
,畸高
,稽查
,羁押
,岌岌可危
,极其不利
,亟待
,急剧
,急转直下
,挤压
,夹击
,价跌量减
,价跌量缩
,价格倒挂
,价格回落
,价格企高
,艰涩
,艰辛
,减持
,减缓
,减退
,减值
,见顶
,见光死
,剑拔弩张
,降幅
,降价
,降温
,较低
,较少
,解除
,解聘
,借款
,今非昔比
,谨慎
,警钟
,纠葛
,纠结
,久候不至
,救命稻草
,居高不下
,拘捕
,拘禁
,狙击
,举步维艰
,举债
,龃龉
,绝迹
,绝收
,噱头
,卡死
,开工率低
,看不到
,看跌
,考验
,靠山吃山
,靠水吃水
,靠天吃饭
,磕磕碰碰
,可乘之机
,刻意
,刻舟求剑
,坑爹
,空白
,空欢喜
,空壳
,空空
,空缺
,空心化
,空悬
,控制权转移
,苦不堪言
,苦苦
,苦日子
,苦于
,苦战
,库存高
,库存积压
,库存上升
,库存增加
,垮下来
,亏
,困住
,拦截
,烂泥扶不上墙
,烂泥扶上了墙
,烂尾
,老化
,勒紧
,勒令
,羸弱
,冷待
,冷宫
,离谱
,力不从心
,历经波折
,利空
,利润减少
,利润降低
,利润稀释
,利益受损
,连阴
,脸色
,凉意
,两败俱伤
,量价齐跌
,劣币驱逐良币
,零值
,领跌
,流动性不足
,流动性差
,流动性低
,流年不利
,流失
,垄断
,屡屡碰壁
,屡战屡败
,律师函
,乱字了得
,裸泳
,马后炮
,马失前蹄
,埋单
,慢
,漫漫熊途
,忙中出错
,盲区
,矛头
,没有底气
,美梦破灭
,门槛低
,门槛高
,门槛提高
,猛跌
,蒙上
,梦断
,梦碎
,面临考验
,面临困难
,面临难关
,面临难题
,面临淘汰
,敏感
,名不副实
,名不见经传
,明日黄花
,命途多舛
,命悬一线
,摩擦上升
,摩擦增加
,魔咒
,内杠
,内幕交易
,难出家门
,难当
,难度
,难度加大
,难度上升
,难度增大
,难度增加
,难扛
,难立足
,难实现
,难逃
,难突破
,难完成
,难维持
,难兄难弟
,难续
,难掩
,难有
,能力不足
,能力差
,能力降低
,能力弱
,泥古不化
,泥菩萨过河自身难
,泥沙俱下
,酿苦果
,酿苦酒
,怒气难消
,挪占
,判处
,旁落
,抛售
,抛压
,跑不动
,跑单
,跑输
,泡沫
,赔了夫人又折兵
,捧杀
,披捕
,披星戴帽
,疲态
,蚍蜉撼树
,偏低
,偏失
,骗得
,品质低
,平淡
,平平
,泼了冷水
,迫于
,破发
,破位
,曝光
,蹊跷
,其害
,其实难副
,奇葩
,牵绊
,前高后低
,前景不明
,潜亏
,遣散
,枪打出头鸟
,强弩之末
,墙角
,窃密
,青黄不接
,清仓
,清理
,清盘
,趋薄
,趋紧
,全盘皆绿
,缺口
,缺漏
,缺位
,让位
,惹火烧身
,惹众怒
,人浮于事
,任重道远
,日暮
,如履薄冰
,入不敷出
,软肋
,弱市
,弱势
,杀跌
,姗姗来迟
,伤
,伤及自身
,涉案
,涉事
,深冬
,深陷
,甚微
,生不逢时
,生死劫
,盛极而衰
,剩宴
,失度
,失公允
,失和
,失声
,失守
,失之交臂
,施压
,时运不济
,始作俑者
,式微
,势衰
,收跌
,收紧
,收绿
,收入
,首当其冲
,受尽苦头
,受阻
,疏于
,甩卖
,双降
,双开
,双输
,水平低
,私利
,死胡同
,四面楚歌
,算不得
,随波逐流
,损耗高
,损耗上升
,损耗增加
,缩水
,踏空
,胎死腹中
,太差
,摊薄
,探底
,躺着也中枪
,躺着中枪
,烫手山芋
,掏空
,逃离
,套牢
,套现
,天花板
,天灾
,跳水
,铁公鸡
,停售
,通缩
,通胀
,同质化
,偷工减料
,推后
,推脱
,退出
,退意
,弯路
,玩业绩
,顽疾
,旺季不旺
,危局
,危途
,微薄
,微词
,微乎其微
,微利
,微弱
,为时过早
,围剿
,违禁
,维艰
,伪利好
,未偿还
,未见
,未明
,未能
,未有
,窝案
,窝里斗
,污水
,无常
,无底洞
,无法
,无法表示意见
,无功而返
,无故缺席
,无果而终
,无疾而终
,无济于事
,无可奈何
,无米下炊
,无奈
,无能为力
,无人问津
,无妄之灾
,无望
,无序
,无照经营
,五证不全
,物价攀升
,物价上涨
,误入
,雾霾
,稀释利润
,洗大澡
,洗牌
,洗澡
,喜新厌旧
,瞎忙
,下调
,下风
,下坡路
,下线
,吓死胆小的
,撑死胆大的
,先扬后抑
,闲置
,限贷
,限购
,限售
,相差甚远
,削价
,消除
,消失
,消亡
,效益低
,新低
,信贷
,信心不足
,刑事
,形式主义
,性价比低
,熊
,休眠
,虚高
,虚火上升
,虚开
,虚增
,续亏
,漩涡
,雪上加霜
,雪灾
,血本无归
,血淋淋
,压价
,压缩
,延后
,严冬
,言之过早
,偃旗息鼓
,妖股
,腰斩
,摇摇欲坠
,夜不能寐
,一鼻子灰
,一波三折
,一错再错
,一地鸡毛
,一哄而上
,一劫
,一蹶不振
,一去不复返
,一损俱损
,一塌糊涂
,贻误
,遗留
,遗症
,以次充好
,以偏概全
,异乎寻常
,阴跌
,阴险
,阴线
,引咎
,盈利减少
,盈利下降
,盈余管理
,用脚投票
,优势缩小
,由牛转熊
,由盈变亏
,有待
,有毒
,有法不依
,有害
,有价无市
,有减无增
,有苦难言
,有名不实
,有失公允
,有失偏颇
,有恃无恐
,有限
,有心无力
,囿于常规
,诱多
,迂腐
,于事无补
,余波未平
,余震
,舆论压力
,预减
,预警
,遇寒风
,遇冷
,遇阻
,愈演愈烈
,冤冤相报
,原告
,原料涨价
,陨落
,砸盘
,再陷
,在劫难逃
,暂停上市
,遭到
,造假
,增大难度
,增加费用
,增加摩擦
,增加难度
,增收不增利
,债务
,斩仓
,占用
,占有
,涨不动
,招致
,昭然若揭
,遮羞布
,折价
,折损
,折翼
,真空期
,阵痛
,震荡
,争议
,挣扎
,蒸发
,整顿
,整改
,之痛
,支出上升
,支出增加
,质低
,质量次
,质量低
,质押
,致癌
,致歉
,滞后
,滞纳金
,中枪
,众矢之的
,重创
,重挫
,重蹈覆辙
,重复建设
,重新洗牌
,重灾区
,重债
,周转慢
,骤减
,转差
,转冷
,壮士断腕
,坠落
,资源不足
,自毁
,自身难保
,自食苦果
,自我损耗
,自作自受
,走低
,走个形式
,走形式
,租金上涨
,昨日风光
